5500,1
SPY,
0.0071123663,
0.0021175422,
0.0105719542,
0.0041840949,
-0.0006955587,
0,
-0.006949269,
0.0013995799,
0.0048928054,
-0.0076506199,
-0.0252277803,
-0.0007177882,
-0.0007205433,
0.003600832,
0.0035856795,
-0.0007136483,
0.0128755196,
0.0021175422,
0.001409443,
-0.0028149533,
0.0148212082,
0.0041724563,
-0.005540159,
-0.0027855461,
0.0223463747,
-0.0034163593,
0.0020572692,
-0.0027359746,
-0.010289154,
0.0048521168,
0,
-0.006207996,
0.006246776,
-0.0015143872,
-0.005551676,
0.0020945991,
0,
0.0062663135,
-0.0055363419,
0.0041753813,
0.0027719906,
-0.0006899944,
-0.0034589181,
-0.0208188872,
0.0049621491,
-0.002820859,
0.0035349355,
-0.0014094371,
0.0141143337,
0.0020888029,
-0.0013889154,
0,
0,
-0.0041724389,
-0.0048893746,
-0.000700647,
-0.0126404491,
-0.0042674369,
-0.007858259,
0.0108002928,
-0.0021378963,
0.0042826717,
0.0014214579,
0.0063886328,
0.003524964,
0.0028109851,
-0.0035027361,
-0.0021108343,
0.0021152994,
0.0042193861,
-0.0014005526,
-0.0119225658,
-0.0007086032,
0.0035499992,
-0.0007065973,
0.0205371213,
0.0027758721,
-0.0089954453,
0.0041899211,
0.0020851251,
0.0124913392,
-0.0034259112,
-0.0048153951,
0.0096752156,
-0.001368953,
-0.0034259112,
-0.0034398869,
-0.0034495544,
-0.0090038787,
0.0034951789,
0.0006952791,
0.0041753813,
-0.0013860294,
-0.0020807864,
0.0020851251,
0.0034709237,
-0.008235043,
0.0021056213,
0.0007018933,
-0.0091047735,
0.0134287081,
-0.0006984663,
0.0111654148,
-0.0048298259,
0,
-0.0027739288,
-0.0055632898,
-0.0104906259,
0.0028268621,
0.011275574,
0.0027874633,
-0.0006938343,
-0.0006965234,
0.0034805926,
-0.0041608763,
-0.002785519,
-0.0006994418,
0.0027952549,
-0.0006957684,
-0.0069734931,
0.0049146138,
0.0055905098,
-0.0006938343,
-0.0020873288,
0.0055749265,
-0.005544019,
0.0027874633,
0.0006960062,
0,
-0.0020844298,
0.0013918089,
0.0055593959,
-0.0006899646,
0,
-0.0027662554,
0.0013869475,
0.0055401737,
0.0034424462,
0.0054907142,
0,
0.0006836872,
-0.0020474617,
0.0109364585,
0.0006771824,
0.0006746125,
-0.0006741577,
0.004054076,
0.0026917936,
-0.0013423,
-0.0033612943,
0.0006753889,
-0.0067385371,
-0.0033932198,
0.0020433158,
0.0088304304,
0.0006744792,
-0.0040377069,
0.0027027064,
-0.0040431157,
-0.0019389223,
-0.0081855122,
-0.003439888,
0.0082815889,
0.0054756895,
-0.0027229348,
0.0109215109,
-0.0020245971,
-0.0033840306,
-0.00203556,
0.0047608244,
0.0013540767,
-0.0013522457,
-0.0006759705,
-0.0027100511,
0.0013587077,
0.0020342097,
0.0013540767,
0,
0.01284763,
0.0053404364,
-0.0026560338,
-0.007324635,
0.0013413949,
-0.001339598,
-0.0046937756,
0.002695409,
-0.0006730926,
0.000673546,
0.0073914298,
0,
0.0026684397,
-0.0006642771,
-0.0126508493,
-0.0107889829,
0.0047727489,
0.0013568641,
0.0006764277,
0.0074485884,
-0.0026881633,
0.0047159111,
-0.0006696234,
0.0046969208,
-0.005344042,
-0.0026863608,
-0.0020191436,
-0.0060739435,
0.0054311141,
0.0040513241,
0.000673546,
-0.0040322612,
0.0006737219,
0.0013485983,
0.0026935968,
0.0040295575,
0.0033455536,
-0.0006677079,
0,
-0.0033345217,
-0.0020090894,
0.0060372862,
-0.0073344013,
-0.0013431641,
0.0033635525,
0.005495793,
0.00134229,
-0.0033522929,
0.0067249653,
-0.0006669449,
0.0053475939,
0.0019936354,
-0.0013271495,
-0.0039867074,
-0.0053368972,
-0.0026827824,
0.0040349662,
0.0020104569,
0,
0.006014984,
0.0119601543,
-0.0019687661,
-0.0032905084,
-0.0026402828,
0.0039708767,
0,
0.001318401,
-0.0026332985,
0.002640251,
-0.0019739188,
-0.0039578077,
0,
0.0026490228,
0.0092470203,
0.0026177854,
0.0071791308,
-0.0051847108,
0.006514673,
-0.0045297159,
-0.0227578742,
0.0046584115,
0.0006612023,
0.0039708767,
-0.0085684944,
0.0033233987,
0.0013253905,
0.0052945129,
-0.0006572854,
-0.005929906,
-0.0059631394,
0.0099989361,
-0.0026402828,
-0.0132362663,
0.0046959037,
0,
-0.0040053326,
0.0013404584,
-0.0026773602,
0.0026845477,
0.0053547527,
-0.003994666,
0.0046780774,
-0.0079840249,
0.0053655325,
0.0013342002,
-0.0006651355,
0.0079999843,
0,
-0.0002192591,
-0.0026613401,
0.0026684417,
-0.0006642669,
-0.011984023,
-0.0094339708,
0.0013605408,
-0.0197021608,
-0.0138600275,
0.0028109588,
-0.0154169708,
0.0206417177,
0,
0.0048803521,
-0.0076324961,
0.0041957936,
-0.0013927542,
-0.0052307223,
0.0003499952,
0,
-0.0066579267,
0.0014109336,
-0.0010549959,
0.0133980556,
-0.0010444485,
0.0104504307,
-0.001034628,
-0.0072458623,
0.0031277445,
0.00623811,
-0.0010336576,
-0.0017229373,
-0.001381212,
-0.0096818898,
-0.0087307602,
0.0077503324,
-0.0090888366,
0.0049394003,
0,
0.0003504866,
0.0147379818,
0.0072608208,
0.0048049303,
-0.0037564491,
-0.0017163415,
0.0041222913,
0.0027369447,
0.0006834232,
0.0010234379,
-0.0013623944,
0.0044332585,
-0.0010192026,
0.0057778119,
-0.0003373606,
-0.0013522631,
-0.0081245976,
0.0054607758,
0.0016966203,
0.0013554716,
0.0077840033,
-0.0040295443,
0.0020240062,
-0.0055816786,
-0.0085166278,
-0.0085875596,
0.0038120092,
-0.0058675401,
-0.0208333223,
0.0173752609,
-0.0048808612,
0.003154094,
-0.0062860266,
0.0021093441,
0.0052577365,
-0.0013951883,
0.0041914126,
-0.0003472221,
-0.0034783633,
0.0013966473,
0.0017427683,
0.0107907205,
0.000343754,
0.0017206707,
-0.0020607607,
-0.0044782785,
0.0020765122,
0.0017254223,
0.0013783605,
-0.0010329454,
0,
0.0020679286,
0.0099685631,
0.0047662348,
0.0013550129,
0.0003377392,
-0.0057485148,
-0.0034024437,
0.0023896079,
0.0017018907,
0.0037394811,
-0.0037255495,
0.0078183414,
-0.0003367142,
0.0070844624,
-0.0006710854,
-0.0033512643,
-0.0006737941,
-0.0010081357,
0.0057272065,
0.0107202684,
-0.0026516408,
0.01429104,
-0.0006563528,
0.0026229522,
-0.0026160903,
-0.0032776444,
-0.0042779344,
0.0003319883,
-0.0009913263,
0.0049592523,
-0.0105263102,
-0.0029936578,
0.0030026467,
0.0009957018,
0.0126214651,
-0.0071168435,
0.0009975634,
-0.0189259236,
0,
-0.0023672076,
-0.0033932121,
0.0051060364,
-0.0006783591,
0.0077945584,
-0.0050442918,
-0.0013518256,
-0.0023672076,
-0.0149253818,
0.0003437618,
-0.0030975165,
0.0044883721,
0.0106571736,
0.014965995,
0.001340466,
0.0033456654,
0.0043356702,
-0.0019916663,
-0.0023299275,
0.0046708321,
-0.0066400873,
-0.004010709,
-0.0083909051,
0.0010158261,
0.0037192309,
0.0060615879,
0.021091994,
-0.0036071372,
-0.0111868678,
-0.0056566676,
0.0053547497,
-0.0129832544,
0.0030349306,
0.0077341777,
0.0016678733,
-0.0069948792,
-0.0036905333,
0.0094276308,
-0.0033345093,
0.0033456654,
-0.0066711336,
-0.0013431682,
-0.010086356,
-0.0217391514,
0.0055555528,
0.0048331815,
0.0044667508,
-0.0003415278,
-0.00136891,
-0.0099378453,
0.0093464055,
0.0010271386,
0.0006862288,
-0.007188716,
-0.0096551838,
0.0038283887,
0.0065909766,
0.0037909685,
0.00514992,
0.0030732155,
0.0048849751,
0.0013661041,
-0.0030712301,
0.0106061171,
-0.0030461989,
0.0010192461,
0.005427408,
-0.0050613104,
0.0006771218,
-0.0118587465,
0.0047999942,
0.0047792754,
0,
0.0010173592,
0.0010185555,
0.0010174554,
0.0006762046,
0.0003400504,
0.0118386681,
0.0060191387,
0.0003318567,
-0.0009972675,
-0.0056529102,
-0.0036794947,
0.0030227799,
0.0013387037,
0.0026737965,
0.0009983685,
0.0039959945,
-0.0043111933,
0.0039973233,
-0.0003313064,
0.0059730634,
0.0141873436,
0.004228445,
0.0012957736,
0,
0,
0.0012940663,
0.0003246988,
0.0012919744,
0.005483314,
-0.0012832708,
-0.0038548193,
-0.0003219204,
0.0074177906,
0.0016025942,
0.0025575445,
-0.0079735137,
0.0083584876,
-0.0063755359,
0.0012833009,
0.0003199477,
0.0006416156,
-0.0076824578,
0.002580645,
-0.0003233099,
0.0148063203,
-0.000951948,
0.0073020524,
-0.0018919545,
0.0059999369,
0.0009956659,
0,
-0.0025220921,
0.00094663,
0.0006325147,
0.0141995985,
0.0040442764,
0,
-0.0003093353,
-0.001858902,
-0.0040387955,
0.0024945417,
0.0065334173,
0,
0.0037082739,
-0.0009241609,
0.001848017,
-0.0033820784,
0.0033935557,
0.0055377311,
-0.0058126228,
-0.0033851287,
-0.0009247119,
0.0015445947,
0.00493674,
0.0116662134,
-0.0027308993,
0.0009134177,
0.0024323463,
0.0015161029,
-0.0027251934,
0.0021262283,
0.0139384588,
-0.0005968069,
-0.0011961697,
0.0071856414,
-0.0008922933,
0.00119012,
0.002674143,
0.0005937086,
0.0047393541,
0.0005886853,
-0.0038298714,
-0.0144922604,
0.0005992859,
0.0110972912,
0.0091966042,
-0.0005869554,
0.0008809228,
-0.0114590683,
-0.0002987081,
0.0208157062,
-0.0026211198,
0.0008747481,
0.0061292485,
-0.0017410564,
-0.005228616,
-0.0023364436,
-0.0058547885,
0.0055933755,
0.0108359951,
-0.0008695465,
0.0043495669,
0.0029679782,
0.0112916862,
-0.0025761001,
-0.0005749638,
0.0132117237,
-0.0019846177,
-0.0119293287,
-0.0020106781,
0.0051834136,
-0.0017182829,
-0.0005749638,
0.0037330153,
0.0037209913,
0.0128273234,
0.0045032514,
0.0005595017,
-0.0047600986,
0.0123804029,
-0.0022234527,
-0.000836128,
0.0055756936,
-0.0085930437,
-0.0109065231,
0.0036750182,
-0.0011267712,
0.0073331126,
0.0075574259,
-0.0008322059,
0.0083417191,
-0.0063435474,
-0.0024974536,
-0.0016685607,
-0.0022296735,
-0.0002806806,
0.0011176158,
0.0022327881,
0,
-0.0002780113,
-0.0022284075,
-0.0055834739,
0.0089837238,
-0.001948174,
0.0027887268,
-0.0016689236,
0.0011138811,
-0.0027807649,
0.001953064,
-0.0036205029,
0.0011176158,
0.0055819442,
-0.0036076506,
0.0025064961,
0.002222836,
0.0008321877,
0.0044321492,
0.009377606,
0.0019112403,
0.0005462712,
0.0038148771,
0.0027160366,
0.0046029178,
0.004581753,
0.0091234812,
-0.0002753931,
-0.0037441656,
0.0048317854,
0.0048068495,
-0.0082407626,
0.000269327,
-0.0016085735,
-0.0002679781,
-0.0008057613,
0.0075228398,
-0.0018671414,
-0.0050748272,
0.0010740992,
-0.0010729467,
0.0029524893,
0.0008036789,
-0.0082936729,
-0.0005386537,
0.0032388485,
0.0061882569,
0.0032085616,
-0.0047982987,
0.0066947947,
0.0029267714,
0.0047753686,
-0.0060722407,
-0.0021248549,
0.0010646898,
-0.0082428769,
-0.0091144341,
0.0075757538,
0.0064446693,
-0.0042689343,
0.0080377452,
0.006379577,
0.0013202173,
-0.003428736,
-0.0037048223,
0.0090320962,
0.0036869907,
-0.0005254876,
-0.0010498795,
-0.0065681943,
0.0100494222,
0.0055001016,
0.0031250053,
-0.0051921088,
0.0080884848,
-0.0031064032,
0.0025975712,
0.0002586082,
0.0106158316,
0.0010248636,
-0.0023031213,
0.0012822602,
0.0122982449,
0.0065814305,
0.0022626514,
-0.0052680878,
0.0032783365,
0.0042730719,
-0.0030037635,
0.0062779135,
-0.0072367606,
0.0003673803,
-0.0192113252,
0.0105665606,
-0.0096922292,
0.0051506672,
0.003587817,
0.0048510868,
-0.0005089536,
-0.0010167691,
0.0012718287,
0.010674265,
0.0027663261,
-0.0095293688,
-0.0020253243,
0.0038055477,
-0.0171847381,
-0.0131142844,
0.0059930716,
-0.0015548093,
-0.002075236,
0.0122177797,
-0.0030816642,
0.0033483323,
0.0066760606,
0.0002546546,
0.0022943265,
0.0081404339,
-0.0035318992,
0.0086089972,
0.0040170667,
0.0085029251,
0.0104133066,
0.0036814111,
-0.0041561277,
0.0081017276,
0.0094987652,
0.0057901062,
0.0107934887,
-0.0002368396,
0.0075955418,
-0.0021197945,
-0.0087358115,
-0.0061911297,
-0.0040734615,
-0.0098664253,
0.0123940437,
0.0158433729,
-0.0028355366,
-0.0142180203,
-0.0031261596,
-0.0045804689,
-0.0096899077,
0.0158998317,
0.0057789526,
0.0093371924,
-0.0087772528,
0.0050263137,
-0.032380964,
0.0115637625,
-0.007784005,
0.0068644456,
0.0043835899,
-0.000671669,
0.0192483121,
-0.0021512058,
-0.0011974403,
-0.0023994613,
0.0026452198,
-0.0019184697,
0.0048053934,
-0.0090857634,
0.0038610098,
-0.0048076997,
0.0115941987,
0.0019102226,
0,
-0.0007153107,
-0.0171714869,
-0.003882538,
-0.0177828519,
-0.0012412881,
0.0126649521,
0.0083382127,
0.0029182924,
-0.0024256649,
0.001459271,
0.0024263565,
0.0077481802,
0.0031231379,
-0.0035916368,
0.0045661231,
0.0021547955,
0,
-0.0007166771,
0.0021500668,
-0.017167379,
-0.0014547762,
-0.0009718188,
-0.0041354309,
0.0124545756,
-0.0007239378,
0.0098974118,
0.0150561778,
0.0061227918,
-0.0011698035,
0.0021083821,
0.0053779477,
0.0067438404,
-0.0013867955,
0.0094852843,
-0.0041254269,
0.0039112998,
-0.01008481,
-0.0067141808,
0.0051289945,
-0.0074211406,
0.0028037426,
0.0069889394,
0.0087930392,
-0.0073394608,
0,
-0.0032355472,
-0.0009272159,
-0.0018561316,
0,
-0.0041833136,
-0.0007006171,
-0.0081761181,
0.0044752568,
-0.0007038671,
0.0086017041,
0.0018709125,
-0.0011682665,
-0.0067769547,
0.007059629,
0.0035035303,
0.0086158072,
-0.0036934332,
-0.0020863912,
-0.0255390624,
-0.0040501619,
0.0040666325,
0.0040500537,
-0.0201704179,
0.0007269171,
-0.0295264049,
0.0024945563,
0.0119402857,
0.0137659935,
-0.0072752709,
-0.0073270342,
-0.0127952658,
0.0019940234,
0.0089552256,
0.0054232823,
-0.0110344861,
0.0096706512,
0.0073665477,
0.016577294,
0.0215835841,
-0.0058696967,
0.0030708124,
0.0025883001,
-0.0016424269,
-0.0032933788,
0.007315242,
-0.007965196,
0.0035422644,
-0.0018823596,
0.0084865714,
0.0004683066,
-0.000701271,
-0.0035076041,
0.0093852769,
-0.005346681,
-0.0049073518,
0.0037576245,
-0.0016381507,
-0.0098421989,
-0.0104141901,
0.0064581256,
0.0009505729,
-0.0121086133,
0.0141796496,
0.0118475226,
-0.0004675875,
0.0056232581,
0.006988952,
0.0152715081,
0.0036462973,
-0.0022714432,
-0.0025037483,
0.0038797412,
0.0035469454,
-0.0002272986,
-0.0002288122,
0.0006835456,
-0.0004543705,
0.0009107395,
-0.0009099108,
0.0054644781,
0.0067926966,
-0.0008996786,
0.0135074326,
0.0011103031,
-0.0039930473,
-0.0077972651,
-0.0020202297,
0.0123737903,
0.001332569,
-0.0013307957,
0.0048881362,
0.0026536937,
0.0052933405,
-0.0013156132,
-0.00702988,
0.003317502,
-0.0085987076,
0.0008896726,
-0.0066674269,
0.0080536934,
-0.0033292168,
0.0095750462,
-0.003528907,
0.0066408686,
0.0057160468,
0.019239196,
0.0023599361,
0.0055631476,
-0.0010637552,
-0.0029818059,
0.0044868681,
0.006594661,
0.001267236,
0.0002107478,
0.0071752319,
0.0016761007,
-0.0014645384,
0.0077500254,
0.0126802918,
-0.0032840644,
-0.0018543819,
0.0037143481,
0.0004103995,
-0.0170526563,
0.0027171001,
-0.0027097375,
-0.0058528336,
0.0147175333,
-0.0047661586,
-0.009160952,
-0.0165991213,
0.0025641013,
-0.0127877174,
0.0079875873,
0.0079241945,
0.0206116947,
0.0021947108,
-0.0025052172,
0.0073256429,
0.0076871173,
0.0012378175,
-0.0086498035,
-0.018280027,
0.0025391432,
0.0143520677,
-0.0087383763,
0.0121739322,
-0.0087093813,
0.0083681945,
0.0107883904,
-0.0014370811,
0.0125381431,
-0.0024360516,
0.0040699946,
0.0060809658,
0.001208012,
0.0080482891,
0.0071856408,
-0.0138717086,
-0.012861741,
-0.0028508486,
0.0028589992,
0.0097719906,
0.0129032305,
-0.0011949463,
0.0029896308,
0.0061596328,
-0.0187601592,
0.0066407869,
0.0135945628,
-0.0094674655,
0.0115498789,
0.0141732246,
0.0108695605,
-0.002304144,
0.0084680511,
-0.0066796655,
-0.0121041292,
0.0003896301,
0.0118581838,
0.0007684967,
-0.0097911321,
-0.0149278994,
-0.0029525608,
0.0067121025,
-0.0054902113,
0.0169551659,
-0.00581554,
0.0089696842,
0.0104374688,
-0.0053557742,
-0.0088468038,
-0.0155219405,
0.0051248438,
0.0027444175,
-0.0107550868,
-0.0033600556,
-0.0051560133,
0.0046300745,
0.0139435478,
-0.0098225198,
0.0043643984,
-0.0264710918,
-0.0211038963,
0.0064251905,
-0.0179186932,
0.0054523199,
0.0125156456,
0.0039146961,
0.0071827412,
-0.0081499664,
-0.0036983109,
-0.0317518974,
0.0134146395,
0.0170214272,
0.0115702395,
-0.0040849709,
0.0049220716,
-0.006530618,
0.0219792906,
0.0010059955,
-0.0050210523,
-0.0115032411,
0.0097999154,
0.0315406702,
0.0047040273,
-0.0011698318,
0.0179687482,
0.0237912546,
-0.0007496258,
-0.0217554411,
0.0069018465,
0.0068545205,
0.016641467,
-0.0040929074,
0.0018684099,
0.0067113985,
-0.0137043383,
0.0030041353,
0.0119805498,
-0.0022197592,
-0.0033364063,
0.0092999446,
0.0040551944,
-0.0001844546,
-0.0058748039,
0.0064638078,
-0.0044036764,
-0.0033167298,
-0.00111009,
0.0037023214,
0.0195506311,
0.0050651274,
0.0030594957,
0.0023323201,
0.0193340621,
0.0084299229,
0.0003489123,
-0.0013927589,
-0.0034867534,
0.0103210539,
-0.0034065202,
-0.0242459406,
0.0253849578,
-0.0069734988,
-0.0049157306,
0.0038808423,
-0.0066777944,
0.011676686,
0.0164399218,
0.0137646211,
-0.0101833042,
0.0104592832,
-0.0110297797,
0.0044606298,
0.0034164761,
0.0030649277,
0.0050910686,
0.0131718082,
-0.0050005605,
-0.0212732965,
0.0001719906,
0.0265220874,
-0.000833229,
0.0046713409,
-0.0006642358,
-0.0006646625,
0.0033255672,
0.0119323926,
-0.0009820839,
-0.0039344222,
0.0026333136,
0.0006565884,
0.0082015446,
-0.0074839921,
-0.0203278677,
0.007362787,
-0.0159468424,
-0.0030390723,
0.0037256185,
-0.0307023355,
0.0222763826,
0.0115764436,
0.0151469947,
-0.0175735087,
-0.000336918,
-0.003714281,
-0.0147410316,
0.0060191715,
-0.0152133431,
0.0039926177,
0.0325034504,
-0.0053583285,
0.0063967236,
-0.0028434405,
0.0043611217,
0.0005013242,
-0.0207011793,
-0.0051136369,
0.0161063452,
-0.0016857727,
0.0249999947,
0,
0.0042842189,
0.001691721,
0.0055908298,
-0.0045781533,
-0.0082134361,
-0.0069553934,
0.0083383318,
0.0095936863,
-0.0104849224,
0.0132450261,
0.005554993,
0.0050377032,
0.0066286262,
0.0093163229,
-0.0070019059,
-0.0035261881,
-0.0028942707,
0.0009671889,
0.0003228207,
-0.0022557052,
-0.0158212247,
-0.0101711602,
0.014253137,
0.0194436456,
-0.0065713288,
-0.0196832311,
-0.0098749271,
-0.0724733963,
0.0577054809,
-0.0027109456,
-0.0220857408,
0.0236275222,
0.0210454743,
0,
0.0033244812,
-0.0038107154,
-0.0108096757,
-0.0060524514,
0.0003377154,
-0.0206284528,
0.0145027702,
0.0136146967,
0.0184682012,
-0.0062638602,
0.0049762042,
0.0151865308,
0.00682984,
-0.01808786,
0.0026315776,
0.0029521925,
0.0009819146,
0.0258164348,
-0.0060523376,
0.0028840649,
-0.0009582254,
0.0127958986,
-0.0028432432,
-0.0060178295,
-0.0086047478,
-0.0170357869,
0.0019620657,
0.0101169437,
0.0061394873,
-0.0051380833,
-0.0096836761,
-0.0074747769,
0.0064295914,
-0.0178539826,
-0.0030025678,
0.0040147295,
0.0196606878,
0.015686271,
-0.0006434874,
0.0051513141,
0.0022416026,
-0.0159795525,
0.0025982518,
-0.0087458149,
-0.0346405211,
0.0182802975,
0.0139627739,
0.0045901568,
-0.0083226919,
0.0143165125,
0.0162232436,
-0.0095785454,
-0.0088654839,
-0.0014634175,
-0.0006514669,
0.0101037411,
0.009035178,
0.0054370709,
0.0006361333,
0.0165289242,
0.0075046887,
-0.0012414669,
-0.0006214913,
0.0111940203,
-0.0033830571,
0.0095654755,
-0.0009173865,
0.0042826509,
-0.0057868621,
0.0049019551,
0.0091463428,
-0.0052872251,
0.0074408516,
0.0039197201,
-0.0078078072,
0.0124086847,
0.0056806351,
0,
-0.00208136,
0.0056603289,
-0.0065165982,
-0.0092431991,
0.0201630268,
-0.0035398157,
0.00947305,
0.0046920897,
0.0040863918,
-0.0037795654,
0.0107971164,
0.0028868407,
0.0037415927,
0.0025815035,
0.0086105141,
-0.0022753194,
0.0085518778,
-0.0036748728,
-0.0005673684,
-0.0042572586,
-0.0005701302,
0.0034227075,
0.0081009857,
0.0108555056,
0.0050209158,
-0.0080483802,
-0.0067151598,
-0.0056338004,
0.0079320155,
-0.0028105789,
0.0084554768,
0.0027948563,
-0.0117056856,
0.0132538845,
-0.0002778419,
0.0047322626,
0.0027708508,
-0.0096707043,
-0.0106026814,
-0.0188950119,
-0.0014366994,
0.0069084574,
0.018581559,
0.0112264951,
-0.0024974378,
-0.0069565143,
-0.0117680078,
-0.0079387661,
0.0162908672,
-0.0033745817,
0.0107223506,
0.0025120906,
-0.0050125389,
-0.0055975374,
-0.0039403423,
0.0067815871,
0.0095425184,
-0.0063937461,
-0.0039171755,
-0.0160117182,
0.00142784,
0.004561004,
-0.0099323803,
0.004585844,
0.0008564067,
-0.0159635077,
0.0185399791,
0.0193401585,
-0.0011160808,
0.0030721579,
-0.006404429,
-0.0187785067,
0.009426366,
-0.0263162734,
0.0154030089,
0.0208924649,
-0.0044855648,
-0.0050100396,
0.0048263129,
0.0118677644,
0.0134040829,
-0.0016533487,
0.0041406851,
0.0035729217,
-0.0068469735,
0.0115830111,
0.0019079306,
0.0100685009,
-0.0018862405,
0.007287922,
-0.0066992829,
0.0053952045,
0.0002687634,
0.0112661058,
-0.0018572214,
0.0069093875,
0.0013200613,
0,
-0.017395899,
0,
-0.0198497768,
-0.0008214941,
0.0071213437,
-0.016861583,
-0.003872746,
0.0149958409,
-0.0213406382,
-0.004192986,
-0.0387422779,
0.0137261311,
0.0043220243,
0.0017211703,
-0.0057273808,
-0.0149769536,
0.0169590592,
-0.0120759051,
-0.0116414515,
0.0212014256,
0.0184544354,
-0.0025486113,
-0.0059603501,
-0.0079954266,
0.0063327531,
0.0022883336,
-0.0057077665,
-0.0470723327,
-0.0036144577,
-0.071342202,
0.0423177161,
-0.0071835444,
-0.007863574,
-0.0082435045,
0.0537084374,
-0.024271848,
-0.0199004921,
0.0323604046,
0.0172095919,
0.0060422869,
0.0090090087,
-0.0285714274,
0.00445389,
-0.0006121819,
0.0082700555,
0.0400972015,
-0.0245327138,
-0.0011976031,
0.0089928061,
-0.0023767049,
-0.0303752193,
-0.0288697915,
0.0192910606,
-0.0201670374,
-0.000950509,
-0.0148964473,
-0.0054703125,
0.0200582446,
0.0145892951,
-0.0034380502,
0.009410289,
0.0537595731,
0.0002954027,
0.0035377308,
0.0058754452,
-0.0035046679,
0.0149467349,
-0.0127057474,
0.0073125862,
-0.0058072054,
-0.001752334,
0.0242827097,
0.0054275046,
0.0170454553,
-0.0072625718,
0.010692175,
0.013640954,
0.0030216152,
-0.0071193765,
-0.0027578681,
-0.0066371709,
-0.0011135842,
0.0097542594,
0.007452865,
0,
0.0060274007,
0.0087145965,
0.0075593963,
0.0235798517,
-0.0062827251,
0,
0.0073761865,
-0.0282426835,
0.0129171205,
-0.0029228735,
-0.0165201246,
0.026280615,
0.0047518412,
-0.004467075,
0.0018479031,
-0.0146208406,
0.0020052648,
-0.0288153625,
0.0258241753,
-0.0013395031,
0.0159562874,
0.0042491464,
0.0139763479,
0.0044217677,
0.0209731471,
-0.004311003,
-0.0025471186,
0.0158324802,
-0.0080442509,
0,
-0.0022812168,
0.0114304635,
0.0241084889,
-0.0049043695,
0.0073928059,
-0.009540541,
-0.0180287275,
-0.0070422492,
-0.0174776328,
0.0260380832,
0.006532664,
0.0079880146,
-0.0264986897,
-0.0022890546,
0.0101988766,
0.0181726462,
-0.0116513979,
0.0168050522,
0.0076463523,
-0.005875161,
-0.0061556994,
0.0101581516,
-0.0149615757,
-0.0114541778,
0.0020151152,
-0.0223734824,
0.0064288268,
0.0229943841,
-0.0119880123,
-0.0060667398,
-0.001017295,
0.0078916274,
0.0042944421,
0.0266599685,
-0.0004899617,
-0.017647054,
-0.0094810414,
-0.0040302305,
0.0027815613,
-0.0088268065,
0.0053430741,
0.0126550248,
0.0201198022,
0.0064933064,
-0.0024342716,
0.0087847707,
0.0111272428,
-0.0095693765,
0.0142508487,
-0.0038104256,
-0.0043031425,
0.0160867994,
-0.0169976104,
0.0019277166,
-0.0288600314,
0.0056954658,
0.0204387428,
-0.0072393776,
0.020174651,
-0.0052418414,
-0.016047553,
0.0075458941,
0.023677217,
-0.0023601529,
0.0080435308,
0.0126730879,
0.0002320817,
0.0106580234,
-0.006419073,
-0.0168439024,
-0.0037549894,
-0.0084805732,
-0.0154427533,
0.0125482686,
0.0285986575,
0.0094991986,
-0.0025243333,
0.0057520793,
0.0048047256,
-0.0136612034,
-0.0076180611,
-0.0081410925,
0.0182926815,
-0.0142791317,
0.0079439236,
-0.0061433543,
0.0075807452,
-0.0049770802,
0.0101200411,
0.0078304912,
0.0043415312,
-0.0259385786,
0.0030370176,
-0.0018630602,
0.0072325089,
-0.0060227059,
-0.0055931002,
-0.0166389844,
-0.0162059173,
0.0111434179,
-0.0143747018,
0.0127610587,
-0.0034798978,
0.0009633835,
0.0055338192,
0.0201005072,
0.0025806915,
-0.009826864,
-0.0009451824,
-0.0092245594,
-0.0083548716,
0.0009629302,
0.0067340059,
0.0191113182,
0.0093764625,
0.0011553243,
0.0023266571,
-0.0069637792,
-0.0049091853,
-0.0075170269,
-0.0024850966,
0.0122199504,
0.0093764697,
0.0181142555,
0.0075270349,
0.0099615157,
-0.0002238299,
0.0013452897,
0.0007831509,
0.0059296267,
-0.0044483959,
-0.003574622,
0.0056050486,
0.0063543002,
0.0054287035,
-0.0066108427,
-0.0205196212,
-0.001132042,
-0.0131504385,
-0.0019526703,
-0.0073664861,
0.0083487931,
0.0032198703,
-0.0139847481,
-0.0123223732,
0.0023540424,
-0.0046970381,
-0.0136856999,
0.009090911,
-0.0109056453,
-0.0021575904,
-0.0110497305,
0.0121447786,
-0.0005998383,
0.023171939,
0.0044593865,
0.0065420543,
-0.0071962451,
-0.0081829759,
0.0101363831,
0.0191365312,
0.0036638455,
0.0102672778,
-0.0119696177,
-0.012113949,
-0.0185099582,
-0.0037717974,
0.0123047808,
-0.0118051575,
0.0292137274,
-0.0036773086,
-0.0048439547,
-0.0004636096,
0.0083487931,
-0.0067849515,
-0.0065992899,
-0.0158508186,
0.0039078737,
0.0126354543,
-0.0014018629,
-0.0210575641,
-0.0010761068,
-0.0209349438,
-0.0009775233,
0.0066043381,
-0.0019440989,
-0.0119305046,
0.0152784685,
-0.0021848247,
0.0177575959,
-0.0009560187,
0.0153110086,
-0.0056550476,
0.0151658806,
-0.001634334,
-0.0154313841,
-0.0258842438,
-0.000244142,
-0.0256031621,
0.0072568338,
0.009689865,
0.0098425182,
0.0058479587,
0.0084783182,
-0.0050440848,
-0.0125543175,
0.0180929024,
0.0341018283,
0.0181142584,
-0.0104927031,
-0.0071464882,
0.0067335697,
0.0076103668,
0.0098424055,
0.0009066142,
-0.0093978631,
0.0074293144,
0.005673124,
0.0090252694,
0.0023477236,
0.008366088,
0.0026548649,
0.0070609069,
-0.0008764298,
-0.0002196207,
-0.0087738554,
0.0053109162,
-0.0037416995,
-0.0035351336,
-0.0117519853,
0.0080771872,
0.0060096704,
0.0183625094,
-0.0073864939,
-0.0080977335,
-0.0063992567,
0.0048856307,
0.0033152389,
0.0017621162,
-0.0096745769,
0.0053285921,
0.0044169604,
0.0064221099,
-0.0072276489,
0.0152220344,
0.0026075598,
0.0159292551,
-0.0013864647,
-0.0006405741,
0.0042753341,
-0.0011709203,
0.0015985017,
-0.0097872293,
-0.039106148,
0.0017889041,
-0.0160714254,
0.058076231,
0.0034305228,
-0.0119658086,
-0.0099480921,
0.0135430273,
0.0135772676,
-0.0078670051,
0.0081440202,
-0.0153061194,
-0.002158896,
-0.0283430294,
0.0113563773,
-0.007926027,
-0.0039946706,
-0.0311942966,
0.027138916,
0.0098522153,
0.0008869204,
0.0150642389,
-0.0041469818,
-0.0015337489,
0.0136084238,
-0.0210050783,
0.0019910345,
-0.0203090504,
0.0058584966,
0.0113125,
-0.0147300956,
-0.0051711964,
-0.0214686003,
-0.0025407601,
0.0118086342,
-0.0201372969,
-0.0036200351,
0.0209776219,
0.0096418655,
0.0072760353,
0.0006768682,
0.0187235517,
-0.0097431341,
-0.0193431202,
-0.0012535784,
0.0292237473,
-0.005323874,
-0.0109280657,
-0.0142048671,
0.0233302849,
0.0467140286,
0.0066093936,
-0.0051042115,
0.0205215925,
0.006074263,
0.0170726684,
0.0059368425,
-0.0105820058,
-0.0057589504,
0.0010340358,
-0.0167387014,
0.0113493122,
0.005818781,
-0.0074380084,
-0.0062448011,
0.0086924119,
0.0063342225,
-0.0039210634,
-0.0029003548,
-0.0274257242,
-0.0138856132,
-0.0571923799,
0.0349264709,
0.02642064,
-0.0093010066,
0.0048034923,
-0.010864844,
0.0415198856,
-0.0112847414,
-0.0033061488,
-0.0062075058,
0.0135691327,
-0.0199745011,
-0.0234171749,
0.0075488446,
0.0121195552,
-0.0075113267,
-0.0080068026,
-0.0225563979,
0.0228503483,
0.0108386449,
0.0172863239,
0.009679823,
-0.010439168,
-0.0122709508,
-0.015693114,
-0.0075287857,
-0.0147255656,
0.0163043494,
-0.0171571906,
0.0011338622,
0.0326086891,
0.0021929906,
0.017505469,
0.017419034,
-0.0048612379,
-0.0044608072,
0.0069338682,
-0.0039197015,
-0.0021272063,
-0.0117242717,
0.0187658607,
0.0016938363,
0.0021137174,
-0.0082167722,
0.0127904503,
-0.0035778847,
-0.0004224765,
-0.015215555,
-0.0085836887,
0.0128782575,
-0.0073723748,
0.0027990297,
-0.0094461227,
0.0075852966,
0.0137664038,
-0.0180349141,
0.0077787341,
0.0160803061,
-0.0016881236,
0.0021137227,
0.006539019,
0.004400363,
0.009806276,
-0.0016528957,
-0.008174867,
-0.008033191,
0.0138830448,
-0.0195020668,
-0.005713388,
0.003192478,
-0.0097581673,
-0.0034275893,
-0.0225712574,
0.0063781582,
0.0061188832,
0.004995338,
0.0069159341,
0.0053662659,
0.0119555977,
0.0037974664,
-0.0084068914,
-0.0048752574,
0.0046858371,
0.0127199496,
-0.0008373384,
-0.0035614022,
0.0105130379,
-0.0033291692,
0.0054279762,
-0.0016611327,
0.003951441,
0.0031078303,
-0.0004130532,
0.0034088882,
0.0002056085,
-0.0095726311,
0.0133028498,
0.0010259436,
-0.0079921007,
-0.0113609935,
0.0085663449,
-0.0068362382,
-0.0014604667,
-0.0073111697,
0.0026302724,
0.0050372562,
-0.0218777483,
-0.0092040737,
0.0090732334,
-0.0073858938,
-0.0152052321,
0.0181775123,
-0.0070979822,
-0.0127819514,
0.0052666239,
0.0128796129,
-0.0094827591,
0.0015227452,
-0.0093414225,
0.008333341,
0.0034797672,
-0.0216731646,
-0.0075321222,
-0.0165178592,
-0.0083979721,
-0.024948174,
0.0333333354,
0.0045433905,
-0.0248756278,
-0.0037105681,
0.0377094902,
0.0042616772,
0.0044672797,
-0.0066711178,
-0.0235053901,
0.0027510362,
0.0189754276,
0.0089746517,
0.017233819,
-0.0033884519,
0.0016452045,
0.0005473597,
0.007003719,
-0.0002170239,
-0.0221739128,
-0.0037797822,
-0.0243246087,
-0.0077767611,
0.0262793958,
0.0031446529,
-0.0156739849,
-0.0053459896,
-0.0142936604,
0.0051044036,
-0.0238921853,
0.0204563097,
0.0088064901,
-0.0172291665,
-0.0018700292,
-0.0086654485,
-0.0004724825,
0.0085086339,
0.0328099458,
-0.0159971727,
-0.0137208545,
0.0023380888,
0.0347565937,
-0.0042834711,
-0.013696974,
-0.0127396975,
-0.022586605,
0.0133619694,
-0.0203672096,
-0.0289626431,
0.0069306977,
0.0299901644,
0.010739515,
0.0073202924,
0.003047009,
-0.0189293166,
-0.0181038578,
0.0480349305,
-0.010764449,
-0.032642485,
0.0077406936,
-0.0026407752,
0.0175695501,
0.0009460759,
-0.0018903633,
0.0063917021,
0.0045872721,
0.0099518812,
-0.0056803923,
0.0066455728,
0.0078758447,
0.0029881537,
-0.00252096,
-0.0011482942,
0.0053358238,
0.0087847547,
-0.0056603632,
0.0066412747,
-0.0226925938,
0.0073441426,
-0.0029456863,
-0.0051702227,
-0.0116564545,
-0.0096153687,
0.0114533504,
-0.0081740644,
-0.001512148,
0.0096925476,
-0.0220489108,
-0.0154140705,
-0.0215748688,
0.0015124634,
-0.0067562091,
0.0212868388,
-0.0092461954,
-0.0196931803,
0.0052440551,
-0.0079454025,
0.0091416306,
0.0107423768,
0.007138334,
0.0011025344,
-0.0295783706,
-0.0428015446,
0.0164295007,
-0.0197466759,
0.000254986,
-0.0200572189,
0.0203460197,
-0.0268427907,
-0.0169876891,
-0.0101549964,
0.0302375909,
0.012753307,
0.020441559,
-0.0276392193,
0.0038247789,
0.0104779993,
-0.0213386426,
-0.033362505,
0.004167035,
0.0378890895,
-0.015210778,
0.0111208685,
0.0182437434,
0.0006858381,
0.0181615273,
-0.010517461,
0.0141156706,
0.0397450787,
0.0133064675,
-0.0091524244,
-0.0181526274,
-0.0053991753,
0.0130777705,
0.0044653965,
0.0166504841,
0.0069963838,
0.0030791055,
-0.0018103331,
-0.0126951673,
0.0170113999,
-0.0086382842,
-0.0004752634,
-0.0042003365,
0.0029446485,
-0.006903626,
0.0019975968,
0.0046252113,
0.0235751198,
0.0015509696,
0.0045684224,
0.0147216638,
-0.0012912944,
-0.0169607206,
0.0029400798,
-0.0118028186,
-0.0079625607,
-0.0140069143,
0.0051875043,
0.0061929792,
0.0048133311,
0.0114654208,
-0.0083074568,
0.003601349,
-0.0092831184,
-0.0070866264,
-0.0017446626,
-0.0085795468,
-0.022435919,
0.0016111203,
-0.0048419921,
0.0043707674,
0.0052549391,
0.0113534198,
-0.0078339608,
-0.0091981913,
-0.0013966253,
-0.0005758995,
0.0055152927,
0.0036839805,
0.0124795898,
-0.0002416719,
-0.0195003845,
-0.021614043,
0.0054598306,
-0.0120300326,
0.0010146816,
0.0237371612,
0.0086640432,
-0.0125163534,
0.0093612498,
-0.0068121572,
0.0087595834,
-0.0059802016,
-0.0196967228,
-0.0096678725,
0.0110356111,
0.010495388,
0.0038221744,
0.0003311028,
0.0041373649,
0.0062628921,
0.0040946732,
-0.0054644735,
-0.0134492273,
0.003906848,
-0.0185476419,
0.0029528298,
0.0034488927,
0.0002514773,
-0.0004190718,
-0.0086358557,
0.0034675493,
-0.0160134978,
0.0092505536,
-0.0170584962,
0.0103608794,
-0.0035891145,
0.0207547088,
-0.005965381,
-0.0146225596,
-0.0089209263,
-0.0192141282,
0.0073244016,
-0.0063951222,
0.0024686858,
-0.0257695699,
-0.0185067729,
0.0122332755,
-0.0522489785,
-0.0023969281,
-0.0201826693,
-0.0317802568,
-0.0107890063,
0.0351562239,
0.0104270414,
-0.0035380912,
0.0086793394,
0.0212183918,
-0.001627775,
0.0125635796,
0.0167645066,
0.0008384211,
-0.0019545701,
-0.0065280714,
-0.0053506036,
0.0222725637,
0.0155096021,
-0.0045454516,
-0.001826461,
0.0063128602,
-0.0212746292,
-0.0021365853,
-0.0006516488,
0.01974851,
-0.0051155287,
-0.002662755,
0.0179524609,
-0.0022610097,
-0.0260152469,
-0.0120055228,
-0.0033911149,
0.025614354,
0.0068196293,
0.0130892471,
0.0155403045,
-0.0013345352,
0.0031180334,
0.0010657413,
-0.0061213827,
0.0224940117,
0.0009602875,
0.0018314932,
-0.0044398235,
0.0123294496,
-0.0083786254,
-0.0066202296,
0.0143809125,
0.0021611442,
-0.0043129561,
-0.0181062394,
0.0134992618,
-0.007138501,
-0.0059623035,
0.0169356827,
0.0183016824,
-0.0005111176,
-0.0066473396,
-0.0187028237,
-0.0020108013,
0.0011388293,
-0.0194259883,
0.0095484636,
0.0103421332,
0.0059492626,
0.0070446751,
-0.0098454062,
0.0060652558,
-0.0019138263,
0.0054911355,
0.0060679265,
-0.0005169545,
-0.0146551427,
0.0107611121,
0.0113390353,
0.0066758492,
-0.0070566427,
-0.0023118732,
-0.0081530881,
0.0044129318,
-0.0098208062,
-0.0062641539,
0.0081421922,
-0.0202344979,
0.0075341157,
-0.0045746242,
-0.0068934889,
0.0076532928,
0.0030910476,
-0.0002641268,
0.0027300589,
-0.0314421404,
0.0144178819,
0.0117099971,
-0.0046827985,
-0.0248557702,
-0.0061902662,
-0.004305225,
-0.0062557445,
0.0191631099,
0.0122627533,
-0.0031407567,
0.0106220215,
-0.0018704849,
-0.0104408242,
-0.0192081958,
0.0168259799,
-0.0207070575,
0.0123730093,
0.0165085463,
-0.0020636574,
0.0038662135,
-0.0044782886,
0.0233018136,
0.017671907,
-0.0031965662,
0.0118738236,
-0.0021413203,
0.0042059914,
0.0021369275,
-0.0005970602,
-0.0096440865,
-0.0013788625,
0.0095284134,
0.00017142,
0.0066855211,
-0.0188165115,
0.0004338963,
-0.0021684379,
-0.0124304659,
0.0058093172,
0.002625385,
-0.0004364452,
0.0004366358,
-0.0054987959,
-0.0070212722,
-0.0041541475,
0.0001775455,
0.0021297114,
-0.0069954878,
0.0113251652,
-0.0248655906,
0.0075052171,
-0.0076287867,
0.0237858124,
-0.0021201165,
-0.0043377984,
0.003645381,
-0.0166548403,
-0.0043243448,
-0.0100433774,
0.0005483744,
-0.0190006568,
-0.004935263,
0.0093580333,
0.012238083,
-0.0038468403,
-0.0108495796,
-0.0196133114,
-0.0035081418,
0.0372027088,
-0.0115585906,
-0.0188399043,
0.0203367534,
0.0217854688,
-0.0039012888,
0.0051917241,
0.0048930883,
-0.0108205981,
-0.0091157775,
0.0022079707,
0.0106480285,
-0.0128065103,
-0.0054283138,
-0.0074005169,
-0.0027959247,
0.0020560845,
-0.0265808456,
0.0024910859,
0.0093663703,
-0.0203579354,
-0.0011598995,
0.0038707364,
-0.0171582727,
0.0060808448,
-0.0100409331,
-0.0014771183,
0.0268244668,
0.0081636514,
-0.0233400551,
-0.0127779718,
-0.015635967,
0.0052377587,
-0.0224449524,
0.0016400643,
0.0174989667,
-0.004726966,
-0.0195028254,
-0.0212305247,
0.0056860131,
0.0397863611,
-0.012486136,
-0.0251860942,
-0.0364016383,
0.0081415533,
-0.0109831394,
0.0053347658,
-0.0192765743,
0.0019876399,
-0.0324002056,
-0.0351936724,
-0.0296305366,
-0.0273722607,
0.0596623545,
-0.0084985991,
0.0190475969,
0.0487149311,
0.0130333776,
0.0024191831,
-0.0261079906,
-0.0224149366,
-0.0347966756,
0.0336635916,
0.0174385319,
0.0323495904,
0.0037383621,
-0.0073392362,
-0.0182079216,
0.0365291673,
0.0138798448,
-0.0029946416,
0.0233855391,
-0.0105870187,
0.0144083095,
0.0097127997,
-0.0215142909,
0.0069767745,
-0.0115473159,
-0.0218777143,
0.0004343232,
-0.0039071123,
-0.0381346611,
0.0142727912,
-0.0084878545,
0.0137418433,
0.0073333797,
0.0114713607,
-0.0062159278,
-0.018435194,
0.0024594804,
0.0024534608,
-0.0229168738,
-0.0100194087,
-0.0258769535,
0.0003321151,
-0.0081801294,
-0.0161368239,
0.0247843606,
0.0163604757,
-0.034760332,
-0.0116012046,
0.0480498918,
-0.0299813269,
-0.0101022843,
-0.0183452086,
-0.0206683929,
0.0156704829,
-0.0282444114,
0.0323943535,
0.0437803016,
0.0055845237,
0.0480916975,
-0.0242389444,
0.0198728283,
0.0041917254,
0.0172608174,
-0.0072086207,
0.0075960608,
-0.0203990686,
0.0208238559,
-0.006540977,
-0.0116058535,
0.0097098407,
-0.0101755944,
0.0197695354,
0.0095269816,
0.0079008131,
0.0129559333,
-0.0245055669,
-0.0122300746,
-0.0155047331,
0.0079310852,
0.0010117271,
0.0188658138,
0.0073845281,
-0.010065623,
-0.0013262884,
0.0222443702,
0.018620706,
-0.0071208235,
0.0006423165,
-0.0190415739,
0.0281352438,
-0.0031819684,
0.0015960211,
-0.0133856836,
-0.0045225195,
-0.0110329452,
0.006562381,
-0.0274910245,
0.0134077876,
0.000882038,
-0.0001101684,
-0.015754116,
0.025856338,
-0.0087288949,
-0.0115574586,
-0.0071269365,
0.0142688248,
0.0003333518,
-0.0074427608,
0.000447677,
-0.022485748,
0.0083543496,
0.0013619613,
0.0321885597,
0.0030745388,
0.0176245251,
-0.002474133,
-0.0144505947,
0.0155377872,
0.0026936745,
-0.0003223687,
0.00322481,
-0.0099646427,
-0.0041126107,
-0.0147793159,
-0.0155526637,
-0.0121008646,
0.0061245446,
-0.0262653795,
-0.0136605707,
0.0073944271,
0.0075731314,
-0.0237049426,
0.0193058989,
0.0019754423,
-0.0098574362,
-0.0062075215,
-0.0047142247,
-0.0121965584,
0.0070726917,
-0.006903952,
-0.0159415327,
0.0030450661,
0.0218579677,
0.0175875815,
-0.0052551327,
-0.0099788407,
0.0100794217,
-0.0162009524,
0.0079952097,
-0.0145614322,
0.0132147875,
0.006639858,
-0.0095407009,
-0.0159352592,
0.0084591773,
-0.0083882198,
0.0068882103,
-0.0240038489,
-0.0098377106,
0.0067064221,
0.034542356,
0.0032196117,
0.0314988867,
0.005876962,
0.0076755331,
0.00216011,
0.021344941,
-0.033232914,
0.0095742687,
-0.0050273565,
0.0008038537,
-0.0050488042,
-0.022719413,
0.0153410764,
0.0241748299,
-0.0047663021,
0.0059293558,
-0.001926987,
0.0015900109,
-0.0131534594,
0.0055153768,
-0.0041138247,
0.0206539868,
0.0093311127,
-0.0170416527,
0.0148441691,
0.0010049586,
0.0188510221,
0.0091964538,
-0.0088956341,
-0.0123686242,
0.0172891262,
0.0034862138,
-0.0021712858,
-0.0001088196,
0.0142546017,
-0.0019311276,
0.0094593573,
-0.0055372503,
-0.0100653525,
0.0138454018,
0.0122692084,
-0.0017917107,
-0.0021116792,
0.0063485122,
-0.0025233633,
-0.0234004583,
-0.0020507502,
0.0020549644,
0.00992983,
0.0020305868,
0.0174914575,
0.0028301543,
-0.0026131493,
0.0160343565,
0.0041258594,
0.0041089066,
0.0144245893,
0.004941479,
-0.0039136894,
-0.0101753127,
0.0101781165,
0.0105793733,
0.0030907074,
-0.0104363789,
0.0210928782,
0,
-0.0008853441,
-0.0152604389,
-0.002207439,
-0.010257486,
0.0010160481,
-0.0100486999,
0.0130216789,
-0.0115384574,
-0.0003072552,
0.0092184933,
0.0125849772,
-0.0103237293,
0.0198500987,
0.0044687585,
-0.005635187,
-0.0127261714,
0.009466206,
0.0048883262,
-0.0021840673,
-0.005870102,
-0.0142113527,
0.0102538212,
-0.0123605916,
0.0090557564,
0.0007058521,
-0.0075574339,
0.0176668228,
-0.0036915379,
-0.0046064416,
-0.0024144683,
0.0023194473,
-0.0088539891,
0,
-0.0212161545,
0.0058079773,
0.0105175979,
0.0028571297,
0.0037647829,
0.0091231775,
-0.0051230823,
0.0027261405,
0.0031215916,
0.0086328137,
0.0037818158,
-0.0040650745,
0.0031856573,
-0.0099235851,
0.0016037237,
0.0018012664,
0.0002996584,
0.0061913598,
0.0067487133,
0.013406947,
0.0054474455,
0.0004837684,
-0.0056087507,
0.0082660494,
-0.0065586455,
-0.0100970892,
0.0029423521,
0.0018579558,
-0.0035139076,
0.0145950191,
-0.0019309263,
0.0118011421,
-0.0050864074,
-0.0108034669,
0.0038030124,
-0.0177773635,
-0.0082088871,
-0.0032908045,
0.0098049251,
-0.009709722,
0.0213106947,
0.0036245695,
0.0091752235,
0.0045459083,
0.0038513481,
-0.0024937793,
0.0026922997,
0.002780974,
0.0031557987,
0.0035271311,
-0.0026598193,
0.0040004305,
-0.0109097961,
0.0074812886,
-0.0017136348,
-0.0125882105,
-0.0018350616,
0.0022254756,
0.0004826827,
0.0136061286,
0.0013328216,
0.0020916602,
-0.0009487446,
0.0065526546,
-0.0021699828,
0.0007563805,
0.0052910505,
-0.0074248115,
-0.004071592,
-0.0002852114,
0.0112220652,
0.0002821267,
-0.0084618372,
-0.0050256003,
-0.010387909,
0.0084746205,
-0.0089763332,
0.0041433759,
0.0132424608,
0.0037882595,
0.0035852871,
0.0007520429,
0.0108032097,
-0.0025092666,
-0.0015838826,
0.0041059648,
-0.0069702661,
0.006738426,
-0.0077159233,
-9.3632823437E-005,
0.0112433044,
0.0019456938,
-0.0049935325,
0.0052045054,
0.0031434562,
0.011244247,
-0.0027837341,
0.0069788975,
0.0006383265,
-0.0010024562,
0.0007297355,
0.0133090927,
0.0001798834,
0.000899428,
-0.0004492754,
0.0108783589,
0.0009782953,
0.0033762574,
0.0039847397,
-0.0087316725,
0.0073850061,
-0.0058293901,
0.0083511278,
0.0024669435,
0.0039550503,
-0.0002626911,
0.0078809309,
-0.0026063988,
-0.0032230119,
0.0125841354,
-0.0102701539,
-0.0114230754,
0.0009702814,
0,
0.0043179289,
-0.0016671349,
-0.0081736619,
0.0029242458,
0.0112210318,
0.0002621861,
0.0032319539,
0.0106225713,
-0.0036184924,
-0.004496364,
0.0090332785,
-0.00439007,
-0.0037178005,
-0.0030374549,
-0.0025243776,
-0.0017453364,
0.0041962048,
0.0006093859,
0.0006959596,
0.0099113845,
-0.0058540001,
0.0018184898,
0.0025930954,
0.0033623604,
-0.0122014017,
-0.0040013837,
-0.0167685374,
-0.0129685532,
0.0131389463,
-0.0122579928,
0.005305786,
0.0111816847,
0.0002653772,
-0.0143332805,
-0.0126957992,
-0.0017328119,
0.0008222574,
0.0132359341,
0.000270264,
0.0140502303,
0.0033751168,
0.0011507289,
0.0060123784,
0.0075584544,
0.005495437,
-0.0032098104,
-0.0023499038,
-0.0022681184,
0.0039345628,
-0.0140219488,
0.0015899738,
-0.0037922313,
0.0077018664,
0,
-0.0167794376,
0.0067012197,
0.0140232614,
0.0009628046,
-0.0013991214,
0.000875711,
-0.0129484125,
-0.0087750178,
-0.0077796907,
0.0107246056,
-0.0008025236,
0.0064251402,
-0.0086008279,
-0.0165459124,
-0.0102764391,
0.0084535353,
0.0063780968,
-0.0041647727,
0.0004546149,
-0.0085423669,
0.005041278,
-0.0034656238,
0.0032031332,
0.0017332163,
0.004189046,
0.0143284862,
0.0034868005,
0.0056130129,
-8.86142827963E-005,
-0.0013290947,
0.0037263705,
-0.0091929805,
0.0079401188,
0.0152238704,
0.0013949741,
-0.0093156877,
0.0049213258,
-0.0098819174,
0.0070658535,
-0.0001753851,
-0.0014912085,
0.0018867863,
-0.0037842144,
0.0050353283,
0.0086139018,
-0.0031372566,
-0.0048081415,
-0.0034258582,
0.0041428019,
0.0053546438,
-0.0138827991,
-0.0005312914,
-0.0087703609,
0.002949343,
-0.006950627,
0.0026023097,
0.0004474656,
0.0007157134,
-0.0030395526,
-0.0064561878,
-0.0008123063,
-0.0042453334,
0.0126995782,
-0.0184521482,
0.002737679,
-0.0083727546,
-0.0019273032,
0.0093792785,
0.003006304,
0.0042688544,
0.0024418618,
0.0020750965,
-0.0077428698,
-9.07573785687E-005,
-0.0163338902,
-0.0142989296,
0.0014038608,
0.0128971657,
-0.0020298367,
-0.0109097644,
0.0019629739,
0.010355456,
0.0056324997,
0.0102836727,
-0.0029082943,
0.0070185456,
-0.0025344555,
0.0013611844,
0.0067965554,
0,
0.0031502955,
-0.0082548073,
0.005247458,
0.0018900209,
0.0113187327,
-0.0040859698,
0.006600049,
-0.0024809412,
-0.000888242,
0.0051564178,
0.0032726214,
0.0020277148,
-0.0075664307,
0.0030141553,
0.0042513321,
-0.0060097267,
0.004356699,
-0.0124822664,
-0.0053788058,
0.0045966835,
-0.0063699845,
0.0047855395,
0.0050323298,
-0.000715261,
0.0169112352,
0.0016717558,
0.0005270962,
0.0068481074,
-0.0107255245,
-0.0082855475,
0.0040885147,
-0.0038948598,
-0.00879763,
-0.0080688641,
0.0056037806,
0.0037749257,
-0.0084169316,
-0.0019866401,
0.0065146685,
-0.0112369734,
-0.001181896,
0.015292195,
0.0120135899,
0.0030120901,
-0.0001766832,
0.002738554,
0.0003524079,
0.0125935673,
0.0136545507,
0.0062633627,
-0.0014494995,
-0.0019640036,
0.0007700637,
0.0076087751,
0.00789072,
0.0024569667,
-0.0071591517,
0.0059382794,
0.0013492689,
-0.0111167298,
0.0047692559,
0.0015256765,
0.0023696616,
-0.0007599128,
-0.0045627418,
0.000679076,
0.0113665577,
0.0008387037,
-0.000670426,
-0.0003354379,
-0.0093113083,
0.0058425253,
0.0035356413,
0.0010066514,
0.0087153376,
0.0034892212,
0.0007450659,
-0.0005790851,
-0.0066698389,
0.0002511696,
0.0077006613,
0.0024088419,
0.0007457458,
-0.0020700544,
0.0054762989,
0.0014853997,
-0.0018952174,
-0.0021464089,
-0.0047158052,
-0.0122194659,
-0.0069006129,
0.0050843071,
-0.001433251,
0.0047281138,
-0.006890755,
0.0033000394,
-0.0080121149,
0.0052711672,
0.0104026064,
-0.0104628862,
-0.0060903435,
-0.0061276738,
-0.0019694815,
0.0028313532,
0.0029945771,
0.0017060275,
0,
0.006216497,
0.0063473264,
0.0030274381,
-0.0025991227,
0.0106758927,
-0.0013308147,
0.001165982,
-0.0074869075,
0.0036040562,
0.0086019629,
-0.00074519,
0.0037288433,
0.0006604686,
-0.0080851099,
0.0013307521,
-0.0148683505,
0.0071669334,
0.0066136472,
0.0098968971,
-0.0065881822,
0.0049739317,
-0.0004949635,
0.000412667,
0.0124567051,
0.0004888629,
-0.0037462304,
-0.0111174754,
0.0022319362,
-0.0070108735,
0.0062297543,
-0.0082549164,
-0.0084900632,
0.002014755,
-0.0029690458,
-0.0037118485,
-0.0101608523,
0.0008554189,
0.0011965778,
0.0014512295,
-0.0066490311,
0.0141594581,
-0.001861583,
-0.004493036,
0.0017031162,
0.0047607303,
0.0034689597,
0.0053962856,
-0.0103991765,
0.0007626779,
0.0051655586,
-0.011794386,
-0.0130435374,
-0.013993213,
0.0030661214,
0.0079476307,
-0.0139502682,
0.0194200243,
-0.0037927982,
0.006576126,
-0.0097137933,
0.0039062935,
-0.0125378701,
0.0135727076,
0.0056155675,
0.0017181867,
0.0077187071,
-0.0003404352,
-0.0031500317,
0.0062345459,
-0.0103547814,
0.0054888462,
-0.0110030827,
-0.0019835758,
0.0093328895,
0.0066780633,
0.0102908582,
0.0042091178,
-0.001425084,
0.0055405946,
-0.0023376124,
-0.0007531046,
0.0053596804,
0.001665947,
-0.0064032981,
0.0085369695,
0.0021576911,
-0.005051348,
-0.0009155301,
0.0007497271,
-0.0018313026,
0.0047535622,
-0.0023240929,
0.003161441,
0.0023221033,
0.0019029919,
0.0025601238,
0.0037051882,
0.0003296067,
0.0005765959,
0.0008232397,
-0.0140659603,
-0.007341876,
0.001428792,
0.0083927859,
-0.0026633358,
-0.0054243655,
0.0029367237,
0.0080314515,
-0.0083823979,
0.0039336557,
0.0114214547,
0.0051104748,
0.0026242397,
0.0013904602,
0.0039206408,
-0.0005695832,
-0.0039889183,
0.0054760812,
0.0034141295,
-0.0058328071,
0.0066818725,
-0.0028330701,
0.0012175777,
0.0036484931,
0.0063009801,
-0.0066629328,
-0.0007273056,
0.005984622,
0.0026529619,
-0.0080179637,
-0.0067895543,
-0.0018717186,
0.0060334163,
-0.0004862457,
0.0039730699,
-0.0061379647,
0.0061758719,
-0.0130027549,
-8.18438351726E-005,
-8.17893603422E-005,
0.0022915028,
0,
-0.0018780355,
-0.0089168522,
0.003631814,
-0.0068261706,
0.0077012292,
-0.0052592619,
0.0126393965,
-0.0007342492,
-0.0017960721,
0.0116954289,
0.0016977059,
-0.0033088758,
0.0089068674,
-0.002006419,
-0.0055488164,
-0.0036390415,
-0.0004869561,
0.0071109021,
-0.0033198627,
-0.0084490517,
-0.0093404283,
0.0035563082,
0.0008241763,
0.0011528293,
-0.0002467373,
0.0009872028,
0.0081368065,
0.0030979722,
-0.003576094,
-0.0112560931,
-0.0131166788,
-0.0035944219,
0.0034396334,
-0.0084441236,
-0.0014333823,
-0.0078527393,
-0.0005957429,
0.0105594601,
0.003707783,
-0.0108303316,
0.0166355389,
-0.0176156346,
0.0039092293,
0.0154914315,
-0.002000658,
-0.0029234691,
-0.0106392257,
0.0143946241,
0.0027545399,
0.002996761,
0.0104573098,
0.0042710215,
-0.0013085466,
0.0009827466,
0,
0.0013089747,
0.007762042,
0.0034052718,
-0.0005656092,
-0.0036381641,
0.0020285591,
0.009312505,
0.0039313107,
0.0050347987,
0.0042939086,
0.0057798495,
0.0007872007,
-0.007079312,
-0.0011091423,
-0.0053929167,
0.0102065134,
0.0012628935,
-0.0021284766,
0.0018960159,
-0.0058350176,
-0.0006345313,
0.0026190582,
0.0009498496,
0.0068011181,
0.0039274153,
-0.0028948762,
-0.0032184799,
-0.0051440449,
0.0009546058,
0.0015894203,
0.0052368782,
0.0005525272,
-0.0101767179,
0.0022315986,
-0.0044532691,
-0.0054317405,
0.0175889021,
0.004735646,
0.0006283936,
0.0083215945,
0.0025693125,
0.0010094718,
0.0031807851,
-0.0039439702,
-0.000931752,
-0.0027198552,
-0.0039741461,
0.0038334978,
-0.0182370499,
0.0035722482,
0.0010283637,
0.0008692217,
0.0055265804,
0.0092650233,
-0.0007779026,
-0.0073186112,
0.006980391,
-0.0116052462,
-0.0049645836,
0.0026134672,
-0.0088467295,
0.0090851164,
-0.0016584979,
0.0018194356,
-0.0018161312,
0.0106003949,
0.0035224841,
0.0074883441,
-0.0027098617,
-0.0024842141,
0.0060705002,
-0.0014698163,
0.0025565734,
0.0003863889,
-0.0095010868,
0.0088902694,
-7.72482527804E-005,
-0.0046382678,
-0.0045821428,
-0.0015604023,
0.0021098995,
-0.0067062375,
0.0094991278,
0.0018664418,
0.0104788542,
0.0044553839,
0.0020648811,
0.000835123,
-0.001607656,
-0.0062879161,
0.0060962163,
-0.0020708987,
0.0007686272,
-0.0014592031,
-0.0061529242,
0.0062683626,
-0.0017687913,
0.0002311133,
-0.0007702849,
0.006397917,
0.0034466705,
-0.0010686145,
-0.0101627685,
0.0015440187,
-0.0084785471,
0.0018657126,
-0.0013190385,
-0.0003884986,
0.0158556905,
0.0019127857,
0.0013746241,
0.0001524378,
-0.0018298935,
-0.004125029,
0.0002301029,
0.0048313217,
0.0033580303,
-0.0081387922,
0.0075154165,
-0.0037296782,
0.0035908107,
0.008830723,
-0.0012073883,
0.0019642977,
-0.0005277698,
-0.012070956,
-0.0130583614,
0.002011718,
-0.0014671939,
-0.019024046,
-0.0050453205,
0.0070517294,
-0.0076317934,
-0.0076111868,
0.0079891304,
0.0123643182,
0.0050888659,
-0.0177598205,
0.0111816308,
0.0095678252,
0.0020974426,
-0.0145736238,
-0.002438674,
-0.0074914993,
-0.0008739923,
-0.0031809323,
-0.010849621,
-0.0116137978,
0.0077519133,
0.0212145947,
-0.0072870454,
-0.0078620369,
0.0033961125,
0.0074140288,
-0.0043996774,
-0.0001606674,
0.0044197614,
-0.00864064,
0.0067790788,
0.0202003754,
7.85888507873E-005,
0.0040855203,
-0.0057120831,
0.0029118055,
-0.0065128863,
0.0018955682,
0.0044147079,
-0.0106742065,
-0.0162634113,
-0.0038709929,
-0.0014572585,
0.0051078729,
0.0138743291,
-0.0068422283,
-0.0070496267,
0.0182331773,
0.0035655214,
0.0013421548,
-0.0009461642,
0.0100229144,
-0.001015815,
-0.0049276315,
0.0067599505,
0.0026545588,
-0.0017131384,
-0.0023400564,
-0.0038311007,
-0.0033749348,
0.0030713481,
-0.00282642,
0.0007873335,
0.0119581729,
0.0083183764,
0.0025443426,
0.0050757801,
-0.004284927,
-0.000076918,
-0.0027666856,
-0.0008477283,
0.0012341219,
0.0047761782,
0.0011501131,
0.0006126615,
-0.0001530997,
0.0059705936,
0.0019022972,
-0.0088099301,
-0.0045972758,
0.0028480836,
0.000997891,
0.009815193,
0.0040245914,
7.5591135499E-005,
0.002347174,
0.0013639996,
-0.0024973704,
0.0053106555,
-0.004829822,
-0.0030332439,
0.0076823202,
0.0083031854,
0.0011978131,
-0.0003738824,
-0.0008228053,
-0.0037430748,
0.0021039845,
0.0116976427,
0.0019270334,
-0.0012575725,
0.0005925631,
0.0013325045,
-0.0011828482,
0.0086595998,
0.0025682818,
0.0015369413,
-0.0031423032,
0.001319494,
0.001610672,
0.0002192742,
0.0046039442,
0.0029825014,
0.0034087687,
0.0031080068,
-0.0062688782,
-0.0007251547,
-0.0001451574,
-0.0067493487,
-0.0005845531,
-0.0017546851,
0.0112788062,
0.0038383462,
0.0021643721,
-0.0052552803,
0.0004343062,
0.0024594622,
0.0075046438,
0.0028649887,
0.0025710627,
0.0002848957,
0.0005697332,
0.0009964308,
0.0019908951,
-0.004044795,
-0.0137513868,
0.0043346773,
0.0104301305,
0.0004271218,
-0.0022059232,
0.0076308119,
0.0043173672,
-0.000845635,
-0.0043729322,
0.0018418399,
0.0028991886,
-0.0007755823,
0.0010583863,
0.0088108782,
9.13820557753E-005,
-0.0027399173,
0.0019021141,
-0.0005625238,
-0.0036583945,
-0.0061431697,
0.0058969938,
0.0065686751,
-0.0021050314,
-0.0041488727,
-0.0017652897,
0.0021221177,
-0.0079763228,
0.0046250877,
-0.0008498897,
0.0033315813,
0.0043804658,
0.0075970804,
-0.0019547542,
0.0004196878,
-0.003356255,
0.0019644644,
-0.0030808237,
0.0029498418,
0.0080531753,
-0.0117402047,
-0.0009137399,
-0.00056288,
0.0052093633,
0.006723204,
0.0059826126,
0.0013830085,
0.00027629,
0.0002760965,
0.0022086227,
-0.0013084618,
-0.0074472635,
-0.0034042344,
0.0084350407,
0.0065670992,
0.0013048757,
-0.0004801579,
0.0021272057,
-0.0004108366,
-0.0007535252,
-0.0039075418,
-0.0008947308,
-0.0390576422,
0.0102508419,
-0.0029801924,
-0.0130951242,
-0.0095189505,
0.017109512,
-0.0010021439,
0.0084552014,
0.0002841593,
0.0014917441,
-0.0194340437,
0.0074502621,
0.0013641798,
-0.0028002171,
0.012055137,
0.0054921816,
0.0164573489,
-0.000767679,
0.0014667272,
-0.0013250701,
-0.0023742767,
-0.0072798084,
0.0010576408,
0.0002113013,
0.0011267842,
0.0107625134,
0.0011135316,
0.0027111507,
0.0013865588,
0.001176951,
-0.0040799135,
0.0044438197,
0.0045624437,
0.0094962138,
0.0026584885,
0.0012237919,
-0.0002716669,
0.0094410013,
-0.0037679765,
0.0004052201,
0.0091817539,
0.0011372599,
-0.0008018375,
-0.0082926849,
0.0025625788,
0.0058518506,
0.005416701,
0.0037911013,
0.0001987705,
-0.0013249239,
0.0027197641,
-0.0104525188,
0.0085572874,
-0.0021874729,
0.0002657915,
0.0068406583,
-0.0019789083,
0.008724334,
-0.0005241927,
-0.000786646,
0.0001312439,
-0.0090527703,
0.0041705593,
0.0036258395,
0.0081449647,
-0.0010424008,
0.0049569127,
0.0001298299,
-0.0039584715,
-0.0107499482,
-0.0180452454,
0.0130113188,
0.0017214634,
-0.0109055491,
0.0149682994,
0.0063862077,
0.0056897576,
-0.0011759831,
0.002485478,
-0.0138970812,
0.0055577377,
-0.0094090858,
-0.0047824704,
-0.0102783698,
0.0142288821,
-0.0001329072,
0.0003324081,
0.0090407531,
0.0036234499,
-0.0010503091,
0.0052569563,
0.0007844814,
-0.0142391089,
0.0070898979,
0.0157904717,
0.0029795075,
-0.0001291809,
-0.000516705,
-0.0018093675,
0.003884292,
-0.0101245088,
0.0030619022,
-0.017341033,
0.0020488956,
-0.0236791556,
-0.0196595266,
0.0156433306,
-0.0112634255,
0.0048723022,
0.0079902597,
-0.0257452755,
0.0167594079,
0.0106695666,
0.0139405673,
-0.0296335999,
-0.0046770232,
0.0035933128,
-0.0152861023,
-0.0137752723,
0.0075156892,
0.018367354,
-0.0004837815,
0.0020049381,
0.0118678008,
-0.0008863892,
0.0123532452,
-0.0093036154,
-0.0219802369,
0.0196214354,
-0.0026613851,
0.009852904,
0.0100955773,
-0.0086531339,
0.0023006417,
-0.0139066875,
-0.0019169852,
0.0116606922,
0.0025763719,
0.0070332665,
-6.72234495278E-005,
-0.0053726446,
0.0294395644,
0.0059031498,
-0.0070422665,
0.0026985997,
-0.0018424637,
-0.0019777369,
0.0052843873,
0.0059136157,
-0.0033313382,
0.0112727845,
-0.0013610316,
-0.0020117918,
0.0015607034,
0.0118815872,
-0.0053256409,
0.0094180775,
-0.0016615179,
-0.0048009186,
0.0055316147,
-0.0084437174,
-0.0079349482,
0.003056324,
-0.0036304598,
-0.0261565738,
0.0058127576,
0.0081041654,
-0.0018450133,
0.0023765571,
0.0117228627,
0.0033199383,
-0.006942239,
0.0103880646,
-0.0234076673,
0.0011255948,
-0.0076057847,
0.0134622083,
-0.0273558446,
-0.0050706476,
-0.0137265856,
-0.0099214708,
0.0304802006,
-0.0027687975,
-0.0144240877,
0.0017177425,
-0.0139241357,
0.0061213486,
-0.0204646446,
0.0172925731,
-0.0220634659,
0.0114935119,
0.0319842685,
0.000339748,
0.0100557966,
-0.0065923016,
-0.0089381912,
0.0167395277,
0.0143135881,
-0.0001987477,
0.007752954,
-0.0274197705,
0.0098708105,
-0.0020753632,
-0.0126794585,
-0.0142691481,
0.0055834936,
0,
0.00630654,
0.0144153869,
0.0074258458,
0.0021443932,
-0.0125710828,
-0.0025055539,
-0.007399835,
-0.00875463,
-0.000482932,
-0.0245064449,
-0.0008491638,
-0.0161484399,
0.0105103363,
0.0065540984,
-0.00806851,
0.008062825,
-0.0220130276,
-0.0086125972,
-0.0259162109,
-0.0102675232,
-0.0101468782,
0.0240208027,
0.0084416918,
-0.014445596,
0.0165364715,
0.0049541388,
-0.0073578131,
0.0182343133,
0.0160879887,
-0.012609218,
-0.0267740646,
-0.008051905,
0.0066139766,
-0.0064211578,
0.0051100367,
0.0092710681,
0.010222908,
-0.0087995705,
-0.0002219341,
0.0028119392,
0.0029515493,
-0.0083137499,
0.006157735,
0.0126088142,
0.0075001677,
-0.0010118482,
-0.0097670802,
-0.0222838276,
-0.0023913299,
-0.0038201832,
0.0063162334,
-0.0206979315,
-0.0103005524,
-0.0131833015,
0.0359375441,
-0.0093514728,
0.002207624,
-0.0154955822,
-0.0101072283,
0.0415432748,
-0.0247698761,
0.0185227582,
0.0199878778,
0.0009649977,
-0.0122358791,
-0.0031531404,
-0.009564727,
0.0034978853,
0.0351594994,
0.0006587798,
0.002487173,
-0.0010945271,
0.0005114151,
-0.001022195,
-0.0072358188,
0.0013988261,
-0.0194089107,
-0.0033739056,
0.0023321516,
0.0270939648,
0.00146143,
0.0104341024,
0.0005055346,
-0.0044027402,
-0.0015949078,
0.0043567057,
0.0092538933,
0.0002148928,
-0.0039390014,
-0.0058959383,
0.0206856693,
0.0027636003,
-0.0048052653,
0.008662939,
-0.017810625,
-0.0025802768,
-0.001868426,
0.0112312002,
0.000142306,
0.0020644163,
0.0125026193,
0.0009121285,
0.0027337674,
-0.0081090781,
-0.0169144666,
0.0001432956,
-0.0134040186,
0.0074106642,
0.0046156056,
0.0050251023,
0.0025000434,
-0.0103314056,
-0.0058315162,
-0.0005068509,
0.0199970569,
-0.0318937721,
0.0024213164,
-0.0049772501,
-0.0147123746,
0.0038076318,
0.0126440828,
0.0005876002,
-0.0048446613,
-0.0097367197,
0.0012662769,
-0.0162316285,
-0.0009880238,
-0.0019778944,
0.0047259274,
-0.0271603185,
-0.0054589206,
0.003528623,
0.0031254923,
-0.0171366561,
0.0010302513,
-0.0102129739,
0.0177571688,
-0.0192549299,
0.0040868881,
-0.0116520948,
-0.0090438881,
-0.0140971534,
0.0245474916,
0.0100032131,
0.0062300814,
0.0005556407,
0.0113447037,
0.0054125762,
-0.0207536563,
-0.0002390194,
-0.0146637211,
0.0213523139,
0.0178175432,
-0.0132264553,
-0.0052826555,
-0.0092739831,
0.0269621788,
0.0044405735,
-0.0148917267,
0.0185811615,
0.0103579765,
-0.0104047147,
-0.0060301436,
0.0075444239,
0.0048634,
-0.0136744198,
-0.01090429,
0.0046460708,
0.0017244159,
0.0144756693,
-0.0202853598,
0.0029129457,
0.0097339301,
0.0121277942,
-0.0107535909,
-0.0062116249,
-0.0008594506,
-0.0301063337,
0.003144397,
0.0206558376,
-0.0296873468,
0.0040577784,
0.0144681647,
0.004621099,
-0.0475850644,
0.0167374669,
-0.0449631278,
0.0296715502,
0.0397139032,
-0.0226394284,
-0.0227515773,
0.0032053744,
0.0156394531,
0.0004967108,
-0.0783616173,
0.0413898498,
0.0006034974,
-0.0362743338,
-0.0135002508,
-0.0509334283,
-0.0447861239,
-0.0251924021,
-0.069839051,
-0.0242557506,
0.1451977204,
-0.0148001966,
-0.0984476887,
0.0416574017,
-0.0059720305,
0.0600793758,
-0.0298552486,
-0.0544544271,
0.0115843238,
-0.0507143733,
-0.035500971,
0.1168553456,
-0.0072525689,
0.0345939178,
0.005503618,
0.0028916517,
0.0339821184,
-0.0420276955,
-0.0554111831,
0.0330178271,
-0.0131046581,
-0.0308755323,
-0.0440013088,
0.0623397666,
-0.0499067185,
-0.0132763976,
0.0188370229,
-0.0640790254,
-0.0742331722,
0.0539430083,
0.0692907726,
0.0074092103,
0.0386411062,
0.0125884648,
-0.0885780514,
0.0384849106,
0.0240413218,
-0.0231332613,
0.0308323132,
0.0349141436,
-0.0164835154,
0.0068156429,
-0.0240816517,
0.0119399006,
-0.0139341295,
0.0470654987,
-0.0096865337,
-0.0186833383,
-0.0043016721,
-0.0128132936,
-0.0103376381,
0.0058031573,
0.005769675,
-0.0028682884,
0.023702658,
0.014274433,
0.0301418598,
-0.0011833168,
0.0066774666,
-0.029956161,
0.0040807626,
-0.0214192121,
-0.0240206444,
0.0018401885,
-0.0314544677,
0.000355564,
0.0078198613,
-0.0527862434,
0.0431922927,
-0.0154670238,
0.0043504671,
0.0068583744,
0.0101577254,
0.0338341453,
-0.0324979514,
-0.0203430064,
-0.0030182304,
0.0140469404,
-0.0048960627,
0.0148805636,
0.028497158,
0.0013795651,
-0.0458093887,
0.0058957683,
0.0007177751,
-0.0107578494,
-0.0427742967,
-0.0023984114,
-0.01075539,
-0.0097211923,
-0.0357788241,
0.0379102648,
-0.0078729994,
-0.0162612214,
-0.0223486149,
-0.0450426263,
-0.0075070679,
0.0236906434,
-0.0408476333,
0.001744124,
-0.0117527274,
0.05960943,
0.0065124169,
0.0393722504,
0.0078145279,
-0.0030226799,
0.0305826477,
0.0223842288,
-0.0123858047,
-0.0212939746,
0.0718289956,
-0.0197032726,
0.0105458895,
0.0203806405,
-0.0180483651,
-0.0345545863,
0.0092650888,
0.0193662078,
0.0292376315,
0.0099484784,
-0.0078329333,
-0.0233253244,
0.0107776686,
0.039743116,
0.0002331202,
-0.0172434304,
0.0106698503,
0.0146627552,
0.0067052233,
-0.041915495,
0.0195373013,
-0.0061132921,
0.0098178697,
0.0151106927,
-0.0094623405,
-0.0031453504,
0.0212691326,
0.0003432789,
0.0053763482,
0.0340197795,
-0.0034110699,
0.0173346576,
-0.0138918931,
0.0233326281,
-0.0187137597,
-0.0029591815,
-0.0251731465,
0.008570167,
-0.0081619454,
0.0284072258,
-0.001205747,
-0.006694479,
-0.0143630873,
-0.0021298355,
0.0256122912,
-0.0178532741,
0.0139400011,
0.0177078746,
0.0242083436,
0.0008441735,
-0.0126515205,
0.0093966539,
0.0002116158,
-0.004124793,
0.0050976575,
-0.0025359016,
0.0044491348,
0.0027420562,
-0.0229280573,
-0.0135629912,
-0.0009820631,
0.0073183839,
0.0036858169,
-0.0299869943,
0.0007840562,
0.0086178358,
0.0217487675,
-0.0026064883,
0.0093641267,
-0.0080906224,
0.0041327394,
-0.0272934515,
-0.0001112795,
-0.0193764542,
-0.0006813365,
0.0019318088,
-0.0023817548,
0.02432923,
0.0056604009,
0.0292462328,
-0.0016084154,
0.0109547437,
0.0106236074,
0.0046252784,
-0.0002092414,
0.0220826886,
0.004095775,
0.0029573925,
-0.0046771727,
-0.0024517052,
0.0104454294,
0.0014188703,
0.0164963567,
0.0025885565,
-0.0028797803,
-0.0051788083,
0.0131144069,
-0.0020750921,
-0.0124764312,
0.0107289631,
0.0076388563,
-0.0076794209,
-0.0246056466,
0.0079340738,
0.0087799201,
0.0103041156,
0.0196059324,
-9.71355051436E-005,
0.0019425423,
9.68898858125E-005,
0.0022293633,
-0.0001934631,
-0.0088991945,
-0.0220574058,
-0.0037923888,
0.0083149881,
0.0140088977,
0.0086224213,
0.0076743924,
0.0102188127,
-0.0001909078,
0.004867826,
0.0041793572,
0.015134306,
-0.001490831,
0.0006376062,
-0.0025300264,
0.00582435,
-0.0083123155,
-0.0110190006,
-0.0053328716,
0.0179033211,
-0.0030097727,
-0.0038679616,
-0.0248129103,
-0.0046615876,
0.0149282745,
0.0143242232,
0.0027485696,
0.0076559288,
0.0060970056,
0.0039156942,
-0.002043097,
0.0172156882,
0.0036593405,
-0.0074742491,
0.0082652314,
-0.005282831,
-0.008973495,
0.0101635299,
-0.0114332838,
-0.0108252911,
-0.004583342,
-0.0188873757,
0.0214538614,
-0.028973316,
0.0073387559,
0.0031633699,
0.0025799945,
0.0183949694,
0.0026204868,
0.0227760897,
0.0001824953,
0.0051099998,
-0.0101679685,
0.0054113864,
0.0145046155,
0.0011689423,
-0.0006287027,
-0.0130313442,
-0.0035512546,
0.0127021777,
0.0015340019,
0.0035138191,
-0.016250644,
0.003376862,
0.0123703901,
-0.0004492699,
-0.0078202468,
0.0057075977,
-0.0015314483,
-0.0110970394,
0.003740508,
0.0056353577,
0.0042480216,
0.0068400926,
-0.0046482956,
0.0015267004,
-0.0120157426,
0.0056574285,
0.0101624443,
0.00359293,
0.0019689723,
0.0047343176,
0.0021336952,
-0.0014194818,
-0.0003553699,
-0.0095982459,
0.0169597979,
0.002647095,
0.000704057,
0.0042212901,
0.0033277631,
0.001396561,
-0.0093262454,
0.008446234,
0.0027045686,
-0.0112242258,
0.0124955849,
-0.0101685989,
-0.0192290985,
-0.0222918397,
0.0051277181,
-0.0041905738,
0.0047571538,
-0.0114722953,
-0.0108685661,
0.0155507734,
0.012103435,
-0.0049827479,
-0.0308658743,
0.0020669037,
-0.0072192467,
0.0125602214,
-0.0019585791,
0.0104662649,
-0.0008322984,
0.0157348826,
0.0047385135,
0.0058951688,
0.0020737143,
0.000179996,
-0.0121447152,
0.009197732,
-0.0013535609,
0.0006325076,
0.0103846943,
0.0027705574,
0.0008913258,
0.0030275664,
0.0142933267,
0.0001750268,
0.0016627565,
0.0044557233,
0.0041749582,
8.66381891362E-005,
0.0002598232,
0.0079661043,
0.0059272822,
-0.000512359,
-0.0050617981,
0.0053461646,
0.0070332602,
-0.0048548418,
-0.0016261141,
-0.0006000837,
0.0063475555,
0.0006819113,
-0.0034071657,
0.0068376283,
0.0081494005,
0.0023576883,
-0.0057123683,
0.0034639693,
0.0065673682,
0.0015892527,
0.0007516611,
0.011349417,
0.0008251345,
-0.0159122741,
0.0037700812,
0.0089308033,
-0.0018199327,
0.0029835321,
0.0065278505,
-0.0037763646,
-0.0236505566,
0.0075961661,
0.0123974201,
-0.0169617991,
0.0129618767,
-0.0235147609,
-0.0059564133,
-0.0332134638,
-0.0148751553,
0.0440409905,
-0.0028409218,
0.0139859758,
-0.0124308206,
-0.0181049884,
0.000526794,
-0.0136024111,
-0.0056939499,
-0.0377594874,
0.0145992078,
-0.0128310971,
0.0010212619,
-0.0060285746,
0.0334982145,
-0.0125496471,
-0.01682366,
0.0260392638,
0.003444197,
-0.0351368443,
-0.0124508636,
0.010711954,
-0.0053460802,
0.029231479,
0.0048556914,
-0.0015499437,
0.0227376296,
-0.0003571561,
0.0016077161,
0.0010841978,
-0.0028640487,
-0.0165156015,
-0.0031030048,
-0.016570586,
0.0041892056,
-0.0031519802,
-0.0308751003,
-0.0095000341,
-0.0044564866,
-0.0054496488,
0.0065558345,
0.0314960459,
0.0098954153,
0.0074654339,
0.0006483808,
0.0150884434,
-0.000091209,
0.0002735903,
-0.0275346145,
0.005906593,
0.0110914533,
-0.0129978226,
0.022321839,
0.0086790179,
0.0104156697,
-0.000089595,
-0.0064545079,
-0.0048723447,
-0.0001813759,
0.0225809886,
-0.0047889397,
0.0066833066,
-0.0010622593,
-0.0040761946,
0.005338536,
-0.0053987083,
-0.0274069668,
-0.0061299645,
-0.0029457809,
-0.000461594,
0.0122851805,
0.0018250261,
-0.0173968806,
-0.0032443291,
-0.0038128575,
-0.0148431977,
0.0038851826,
-0.0067018915,
0.0154898468,
-0.014504991,
0,
0.0299117085,
0.009312212,
0.0129715713,
-0.0112724356,
0.0070230266,
0.0046190905,
0.0050487372,
0.0111230466,
-0.0006210006,
0.0038171372,
-0.0002652916,
0.0003734779,
0.0152902592,
-0.0020137978,
-0.0049131862,
-0.0081114262,
0.0206222151,
-0.0047901283,
0.0035004958,
-0.0017441132,
-0.0029702432,
0.0042057594,
-0.0075037184,
0.0201318853,
-8.61982738968E-005,
-0.0012065808,
0.0056087779,
0.000943892,
0.003086162,
0.0077770744,
-0.0039009459,
0.0020432343,
0.0049278,
-0.0131044593,
0.0097661197,
0.002205771,
0.0018623656,
0.0029573161,
0.0001685332,
-0.0028639129,
0.0001689794,
0.0007601037,
0.0003375883,
0.0079305058,
0.0040177071,
0.0192580723,
0.0037624604,
-0.001874206,
-0.0071842456,
0.0040292568,
-0.0037673908,
-0.0118382376,
-0.0014142925,
-0.0155794004,
0.0005077682,
0.0147183071,
0.0027509278,
-0.0008313044,
-0.0144771285,
0.0147741634,
-0.0116472002,
0.0030303097,
-0.0056227437,
0.0212676559,
0.0128088208,
0.0026925694,
-0.0010578332,
0.0005702211,
0.0036635763,
0.0038936025,
0.0058177155,
0.000642633,
0.000883109,
-0.0045720671,
0.0058017858,
0.001071154,
0.0024134821,
0.0063402933,
0.0031102882,
-0.001431068,
0.0003981073,
0.0014325574,
0.0007152231,
-0.001588285,
0.0002386133,
0.0103379998,
-0.0005509682,
0.0051976404,
-0.0019586355,
-0.0019624793,
-0.0012584232,
0.0035438422,
0.0090245799,
-0.0016332797,
0.0072447478,
0.0017014745,
-0.0098054652,
-0.0013255234,
0.0022641581,
0.0056867672,
0.0005421589,
0.003870863,
0.0024678603,
-0.0174629098,
0.0075163726,
0.0160088083,
-0.0019121939,
0.0022223416,
0.0028291423,
0.0062524349,
0.0045465343,
-0.0022629743,
0.0003780319,
0.0059703281,
0.0024039655,
-0.0031476994,
0.0063153946,
0.002988381,
0.0020856515,
-0.0200698508,
-0.0061442588,
-0.0006870105,
0.010692807,
0.0061965715,
-0.016672937,
0.0021386567,
0.0172242548,
-0.0074923191,
-0.0078508987,
0.0087499731,
-0.0014331135,
-0.0185059052,
0.0069262202,
-0.0060378536,
-0.0114571751,
-0.0185127367,
0.0132350507,
0.0036371592,
0.0154978292,
-0.003468569,
0.0028618641,
0.0095634024,
0.0030558354,
-0.0024372206,
0.0067186215,
0.0069012851,
-0.0013557912,
0.0042235309,
0.0008261376,
-0.0001499943,
0.0031521928,
-0.0025437409,
-0.0034503961,
-0.0030106459,
-0.0074739935,
-7.60224898375E-005,
0.0007606201,
0.003648488,
-0.0112086872,
0.0057444848,
0.0136319283,
0.0051088866,
-0.0010464925,
0.0086051658,
0.0065287118,
0.003243178,
0.0023509775,
-0.0015391874,
-0.003597161,
-0.0066307617,
-0.0090484419,
0.0044158101,
0.0038748415,
0.0085361813,
-0.0105247135,
0.0047604858,
-0.0076992044,
-0.0063413241,
-0.000150198,
0.0089359691,
0.0023815983,
-0.0079446951,
-0.0116009518,
-0.0008329563,
0.0033346113,
0.0046076,
0.0038345461,
0.010411203,
-0.0224610779,
-0.0010616415,
-0.0099445678,
-0.0105812375,
-0.0006198562,
-0.0041874114,
0.0076311801,
-0.0139103205,
0.0007836816,
0.0126860635,
-0.0177854218,
0.0022044347,
0.0029840865,
0.0051160493,
0.0137039956,
-0.0060254838,
-0.002875539,
-0.0116134447,
0.0089110041,
0.0130529785,
0.0085641627,
0.009562422,
0.0147760595,
-0.0008213888,
0.0011957565,
0.010375446,
-0.0070922452,
-0.0180803027,
-0.0043192198,
0.0033485745,
-0.0069023335,
0.0058047045,
-0.0082010996,
0.0162314967,
-0.0006027431,
0.0138711778,
0.000669165,
-0.0055728893,
-0.0037360858,
-0.0204754775,
-0.0029096856,
-0.0068345818,
-0.0042527105,
-0.0255474552,
0.0054187594,
-0.0468415258,
-0.001496764,
-0.0651232467,
0.0464992079,
-0.0441777556,
0.0448837957,
0.00673315,
0.021164923,
-0.0085392699,
0.0006689697,
-0.0431185504,
-0.0163304707,
0.0007990388,
0.032910489,
0.0140844956,
-0.0152439267,
0.0145339053,
0.0287361191,
0.0026367792,
0.0044378724,
-0.0104729023,
-0.0255498899,
-0.0072974201,
0.0282075643,
-0.0103915522,
-0.0262097037,
0.0064699842,
0.009171158,
0.0138441135,
0.0172572416,
0.005918639,
-0.0099572,
-0.0011636636,
-0.0294582743,
-0.0323244115,
0.0060251587,
0.0237801432,
0.0111837803,
-0.0204185886,
0.0079034521,
-0.0249892432,
-0.0284578053,
0.0219230062,
0.0185152397,
0.0180912353,
-0.006695839,
0.0334457054,
0.0010034677,
0.0087719621,
-0.001987562,
0.0170939949,
-0.0190910982,
0.0195458503,
-0.011829048,
0.0043755238,
0.0189873184,
0.0122610083,
-0.0194437475,
0.0101584755,
0.0348350906,
-0.0002332167,
-0.0241058,
-0.0278884488,
0.0163114614,
0.01822729,
-0.0060989823,
0.0062161248,
0.0128306267,
-0.0369095598,
0.0094186158,
0.0188224227,
-0.0094742209,
0.0049418395,
-0.0158629442,
-0.0158768644,
-0.0010645935,
-0.0190195026,
-0.0039278042,
-0.0220656507,
-0.0018874503,
0.0289668464,
0.0028402268,
0.0411494743,
-0.0001599793,
-0.000880216,
0.0108921986,
0.000316919,
0.0037224858,
-0.0219364555,
0.0169423689,
-0.0145974122,
-0.0093389965,
-0.010646114,
0.0036142797,
0.0014825499,
-0.0106916334,
0.0302602032,
0.0019365557,
0.0088588114,
0.0089407088,
0.0007911946,
-0.0131235361,
0.010334056,
-0.0049159752,
0.0159362561,
0.0015686045,
0.0026624623,
-0.0025772764,
0.0024274197,
0.0086705244,
0.0005420278,
0.0023993579,
-0.0051733345,
0.0038807891,
0.0110561873,
0.0052764584,
0.0037272944,
-0.0025767067,
-0.0011396832,
0.0083674951,
-0.0051296989,
-0.0004549416,
-0.0034138344,
-0.0003805137,
0.0087571905,
0.0015851998,
0.0140186981,
-0.0006689245,
0.0025287947,
0.0029676491,
0.0012574803,
-0.0073877113,
0.0074426958,
-0.001255901,
-0.0046601433,
0.0110731722,
0.0026460888,
0.0004398336,
-0.0032241749,
0.0044108394,
0.0021956189,
0.0016797761,
0.0029162513,
-0.0039255047,
0.0051816607,
-0.0030494308,
-0.0040783444,
-0.0146252294,
0.0069758947,
0.0099490852,
0.0038675894,
7.26491579264E-005,
0.0180258381,
-0.0010709247,
0.0057894208,
0.0013846408,
0.0039201946,
-0.0029109221,
-0.0016376764,
-0.0072035527,
0.0032327328,
0.0140351421,
-0.0031071408,
-0.0049585423,
-0.0017085908,
0.0041360775,
0.007314811,
-0.0040891296,
-0.0099107588,
-0.0005005507,
-0.011231079,
-0.0167848895,
0.0080942361,
0.0130656465,
-0.0118884272,
-0.0006562299,
0.0148120991,
-0.0033793574,
-0.0064208909,
0.0016700288,
-0.0084088749,
0.0038014805,
0.0136916849,
0.0069688977,
0.001640948,
-0.0037039918,
0.006220135,
-0.0029842166,
-0.0076254751,
-0.0161579922,
0.0007299696,
-0.0040116943,
-0.0059318741,
0.0020627577,
-0.0030142875,
-0.0110611279,
-0.0057415884,
-0.0038247722,
-0.0148309913,
-0.0085587267,
0.0171881893,
0.0017427846,
0.0005295538,
0.0019656398,
-0.0032444944,
0.0121119615,
-0.0145101109,
-0.0022009178,
-0.0251768291,
-0.0004681463,
0.0075722158,
0.0224683831,
0.0006062074,
0.0079515573,
-0.0126972335,
0.0114907061,
-0.0063947519,
0.0106003911,
0.0102272653,
0.0019382336,
0.0096726375,
-0.0016212341,
-0.0224386829,
0.0077016279,
-0.0160347577,
0.0050258006,
0.0090165349,
-0.0028535292,
0.0249266761,
0.0030124028,
0.0065929891,
-0.0045121176,
-0.0095035263,
-0.0012546949,
-0.0087201275,
0.000149129,
-0.0048450265,
0.016777804,
-0.0023573269,
0.0068670806,
0.0074068199,
0.002620662,
-0.0091482912,
-0.0101121492,
-0.0085868946,
0.0002241007,
0.0164974,
0.0184328032,
0,
-0.0069944245,
-0.0008714678,
-0.0069045472,
0.019833183,
0.0019374895,
0.0050136994,
0.0012114989,
0.0008541156,
0.0016357014,
-0.0004969602,
0.0001419978,
0.0011364736,
0.0073785583,
0.0013380354,
7.04012012869E-005,
-0.0030241817,
0.0004233462,
-0.008179407,
0.0060428759,
0.0002119898,
-0.0009891193,
0.0007779439,
-0.0072078977,
0.0047690069,
-0.0009209716,
-0.0008508453,
0.0202966468,
0.0038950936,
-0.0056814757,
0.0027873225,
0.0033353909,
0.015236486,
0.0044342034,
-0.003395818,
-0.0008178473,
0.0005456459,
6.82320550911E-005,
-0.0004180613,
-0.001508202,
-0.01064186,
-0.0056211907,
0.0094215019,
-0.0046321789,
0.0026394727,
0.0010390942,
0.0040830253,
0.0071680205,
6.8391875504E-005,
-0.0034213748,
-0.009887409,
-0.0063800155,
0.0005583632,
-0.0032784687,
0.0083281013,
0.0101332004,
0.0045348578,
-0.0025991098,
-0.0166644317,
0.0001395099,
-0.0138763387,
-0.0028284131,
0.0029073058,
-0.000565553,
0,
0.0104704337,
-0.008891722,
0.0020486615,
0.0078251755,
-0.0226637239,
-0.0120241052,
0.0008693925,
0.0007961835,
-0.0034715519,
-0.0134988087,
-0.0016920145,
0.0049373498,
0.0202391272,
0.0004312366,
0.0018679068,
0.013625023,
-0.0021224097,
-0.0051045807,
0.0080524794,
0.0046655458,
0.0002110858,
-0.0049243609,
-0.001413899,
0.0017699105,
0.0033921935,
0.0030286496,
0.0004213043,
0.0068084577,
0.0004879535,
-0.0061319043,
-0.0037159027,
0.0117522785,
0.0111288212,
-0.0074293301,
0.0057523173,
-0.0090771408,
-0.003081364,
-0.0042150002,
-0.0013404091,
-0.0108081302,
0.0169963949,
0.0256301797,
-0.0022593603,
0.0043916836,
-0.0027327615,
-0.0028772938,
0.0025420531,
0.0079495824,
-6.7950422774E-005,
-0.000679993,
0.0006804557,
-0.0001360189,
0.0064603659,
0.0022297444,
0.005393396,
0.0016092725,
0.000267849,
0.0056220874,
-0.0011979557,
0.0039314732,
-0.0039160772,
-0.0024655878,
0.0102873018,
-0.011240495,
0.0100977041,
0.0007282334,
-0.0013230754,
0.0055643619,
-0.0001976253,
0.0016472357,
0.0008550784,
0.0009201392,
-0.0011819015,
0.0074945681,
-0.0124633201,
-0.0060790168,
0.00977265,
-0.0190269285,
0.0068456708,
0.0125983166,
-0.0019748779,
0.0032979411,
0.0053250712,
0.0089589029,
0.0013611207,
0.001812287,
0.0042641379,
0.0037956524,
-0.002243193,
0.0014131645,
0.0053239383,
-0.0013202272,
-0.0055188402,
-0.0023230375,
0.006985333,
-0.0085426308,
0.0080332074,
-0.0041774343,
0.0080026129,
0,
0.0030731534,
-0.003957334,
0.0049343452,
-0.0101390855,
0.0040585255,
-0.0044911927,
0.0067672332,
0.0034568379,
0.0122487926,
0.0032772718,
-0.0024498997,
-0.0231738521,
0.0147628144,
-0.0146115378,
-0.0062536402,
0.0086933744,
0.0044378879,
0.0103092816,
0.0006338299,
0.0040537079,
-0.0017663278,
0.0066986687,
0.0023853678,
-0.0087674951,
0.0092873508,
0.0101408137,
0.0025407663,
0.0050686543,
0.0045509852,
-0.0028161558,
0.0032539178,
0.0007954855,
0.0103338776,
0.0053864268,
-0.0046953956,
0.0096770655,
-0.000059958,
0.0014377605,
-0.0074176279,
-0.0028927612,
-0.0008461751,
0.0059887786,
-0.006494295,
0.0036920466,
-0.0143520713,
0.0055063242,
-0.0048068661,
-0.0140009346,
0.0090530873,
0.0127205024,
0,
-0.0103155143,
-0.0082771677,
0.0152086911,
-0.00627254,
0.0077215949,
0.0079056356,
-0.0138168676,
-0.0247782411,
0.0032102456,
-0.0126360078,
0.0096142209,
0.0099009441,
0.0058698737,
-0.0040973609,
0.005859635,
-0.0009295617,
0.000434165,
0.0107887274,
0.0057047725,
0.0071973688,
0.0003633319,
0.0136206788,
0.0004180109,
0.0038206657,
-0.00374659,
0.0025668143,
0.0054778048,
0.0017765383,
0.001950706,
-0.0021238935,
-0.0036655753,
0.0024328772,
0.0010655769,
-0.003074949,
0,
0.0007118507,
0.0115582771,
0.0016992465,
-0.00146242,
-0.0056824875,
-0.0032404623,
0.0036648024,
-0.0028857809,
-0.0011812497,
0.0029566575,
-0.0051293853,
-0.0139860214,
-0.0033057013,
-0.0063920743,
0.0049159314,
-0.0061601942,
0.0091152163,
0.0033722591,
-0.003721008,
-0.0160843251,
0.0035511028,
0.0015862021,
-0.0031674766,
0.0045218776,
0.0082730133,
0.0012670101,
0.0004819624,
0.0095760776,
0.0073971825,
0.0031385053,
-0.0026564171,
0.0022492175,
0.005787488,
0.0044625068,
0.0115741858,
-0.0016758637,
-0.0069915448,
-0.0046275108,
-0.0023538738,
-0.002890376,
0.0038452974,
-0.0045966069,
-0.0053283381,
0.0079162076,
-0.000944866,
-0.0092209338,
0.0075766836,
-0.008644715,
-0.0116466449,
0.0007252256,
0.0215579247,
0.0064431996,
0.0039939431,
-0.0072540427,
0.0139658821,
0.0066832937,
0.006754407,
0.000057312,
0.0057913392,
-0.0047887608,
0.0033223727,
0.0045675324,
0.0015913507,
0.0053339551,
-0.0049670066,
-0.0028362363,
0.0023892914,
0.0035184984,
-0.0031668684,
0.0051057685,
-0.0126432534,
0.0134911097,
0.0001692956,
-0.0020302304,
0.0080244002,
0.0049893439,
0.0043509749,
-0.003499056,
-0.0021736658,
-0.0031279526,
0.0080685936,
0.0050024669,
-0.0009954808,
0.000276742,
0.0024352602,
-0.0006625199,
-0.0025966872,
-0.0043206076,
-0.0001112879,
-0.0043954484,
0.0111769324,
0.0025422354,
-0.0035832102,
-0.0112309762,
-0.0033012309,
-0.0001123059,
0.00623211,
-0.0031804919,
0.0170725061,
-0.0011557046,
0.0058168636,
0.0053425907,
0.0021913863,
0.0050839557,
-5.43566434437E-005,
-0.0001631698,
0.004732862,
-0.0095836478,
-0.0001639994,
-0.0028979088,
0.0061416682,
0.0002180536,
0.0006538529,
0.0027227171,
-0.0133050741,
0.0108976571,
0.0053901319,
-0.0012997177,
-0.0042294677,
0.002940501,
0.0006515894,
-0.008193212,
-0.0213359283,
-0.0049192489,
0.0059547935,
-0.00960519,
0.0106004469,
-0.0058584115,
-0.0225053002,
0.0070046544,
-0.0012543538,
0.0131871757,
0.0123957491,
0.0018366048,
0.0109438442,
0.0004946258,
0.0051627797,
0.0055188747,
0.0011955282,
-0.0066218009,
0.0059010043,
-0.0011407229,
0.0055468176,
-0.0003786017,
5.41533319509E-005,
0.0052475076,
0.0025292503,
-0.0070320307,
0.0140556057,
0.0009062671,
0.0022902454,
0.0004251316,
-0.0005311289,
-0.0049426443,
0.0002670645,
-0.0112131896,
-0.0028080185,
0.0090436363,
0.0071378828,
-0.0053287835,
0.0058394719,
-0.0038785844,
-0.0041353613,
0.0047457541,
-0.0071922949,
-0.0021084448,
0.0049301295,
0.0081944555,
0.0066306883,
0.0033466411,
-0.0013235915,
-0.0118221438,
-0.0110514928,
0.0041228731,
0.0107508929,
-0.0210058946,
-0.0090085683,
0.0078783959,
0.0068874753,
0.0104777827,
0.0013968454,
0.0034872788,
0.0045445144,
-0.0023418095,
0.0020272351,
-0.0081989485,
0.0031671703,
0.0046553651,
0.0029826755,
0.0001062308,
-0.0014336765,
0.0019142874,
-0.0087039591,
0.0058893189,
-0.001064579,
0.00149198,
0.0097360387,
0.0008958001,
-0.0047378893,
-0.0087802987,
0.0034685674,
0.0036692449,
-0.0063049829,
0.0084244338,
0.0024321434,
0.0040086998,
0.0061465623,
-0.0007309893,
0.0051729042,
0.0016114641,
0.0011417935,
-0.0005183536,
0.0020228166,
0.0065220494,
0.0047827599,
0.0010236333,
0.0001022821,
-0.0034765217,
-0.0070798539,
0.0030485229,
0.0008241324,
0.0027793949,
0.0073396908,
0.0011209712,
0.00203024,
-0.0003062024,
-0.0060241363,
0.0045197988,
-0.0007158138,
0.0019443543,
-0.0005107029,
0.0066932215,
0.0010150596,
0.0049181225,
-0.0034813447,
-0.0064300027,
0.0044842554,
-0.0039569754,
0.0013751853,
0.0050353774,
-0.0018725188,
0.0037013135,
-0.0113659293,
0.0102192007,
-0.0018714822,
0.004357969,
0.0022199894,
5.03165759935E-005,
-0.0046815643,
0.0004046205,
-0.0042972985,
0.0001523134,
-0.0197481928,
-0.0030555528,
0.0072207788,
-0.0096962466,
0.0003125506,
-0.0054147392,
0.0115689026,
0.0028979378,
-0.0013932141,
0.0067689626,
0.0047218173,
-0.0002042961,
0.0083793095,
0.0052188873,
0.0026714973,
0.002915754,
-0.0015538743,
0.0050705121,
0.0006493757,
-0.0003993541,
-0.000549317,
0.0028480461,
-0.0004982604,
-0.0005483312,
-0.0014463523,
0.0044952476,
-0.0025856668,
-0.0063312718,
0.0037627976,
0.0011495742,
-0.0058412304,
-0.0007533234,
0.0075384495,
0.0013467871,
0.0053300479,
-0.0009010458,
-0.0077229847,
-0.0057243261,
0.0078279029,
-0.0161355002,
0.0079453846,
-0.0018191037,
-0.0026323207,
-0.0135519157,
0.0001543548,
0.0110093607,
-0.0011704226,
-0.0154363348,
0.0174894183,
-0.01983317,
-0.0114144011,
-0.0164269419,
0.0015473701,
-0.0067661383,
-0.0008581667,
0.0118107919,
0.0097097781,
0.0198108476,
-0.0071108604,
0.0116248425,
0.0076950656,
-0.0013744774,
0.0114702291,
-0.0015120352,
0.0064106009,
0.0114354447,
0.0005454755,
-0.0034692826,
0.0063161517,
0.004003152,
0.000935281,
0.0031474353,
0.0009804742,
-0.0010774107,
0.0011276473,
0.0002448841,
0.000636458,
0.0057738789,
-0.0016054573,
0.0017542179,
0.0053506733,
0.0028062793,
-0.0007237009,
0.0025590212,
-0.0021190635,
-0.0069498188,
0.0064638505,
0.003863069,
-0.001106335,
0.0016372751,
-0.0066826901,
-0.0006776024,
-0.0160313747,
0.0050698903,
-0.0161614336,
-0.0068694546,
-0.0080196004,
0.0196048173,
0.0247287069,
0.0042549303,
0.004600021,
0.0013495868,
9.6293823566E-005,
0.0032247079,
0.0013433063,
-0.0053660171,
-0.0099229887,
-0.0005351808,
-0.0180596386,
-0.0094189655,
0.0124611677,
0.0177450254,
-0.0080135714,
-0.0078335633,
-0.0028126963,
-0.0060372169,
-0.0091605896,
0.0131142614,
0.0021325818,
0.0050480292,
0.0148710073,
-0.0054827984,
0.0023417858,
-0.0131905171,
-0.0128243364,
0.0092435582,
-0.012574921,
0.0123840612,
0.0144611654,
-0.0038078434,
0.0100950561,
-0.00276534,
-0.0044757869,
0.0106533374,
0.0005802204,
0.0096168037,
0.0041164098,
0.0015730868,
9.52073478491E-005,
-0.000713887,
0.0060006186,
-0.0001420106,
0.002840728,
-0.0008497806,
-0.0011813091,
-0.0034061923,
0.0063134997,
-0.0041040144,
-0.0042156106,
0.0010940912,
-0.0140644608,
0.0041445799,
-0.016221946,
-0.0023416716,
0.012713966,
-0.0061323232,
0.0133605389,
-0.0029724577,
0.0120215438,
-0.0045614703,
0.008826791,
