4179,1
BMPS.MI
0.0316618348406
-0.00255753086759
0.00512829819992
-0.00765325959908
-0.0411311284743
-0.0160850728773
-0.0108995024244
-0.00550974035259
0.0470914094836
-0.042328054217
-0.00828750706996
0.00557126350015
-0.0110806622699
-0.0112036294885
-0.00283284377038
-0.0170458856538
-0.0260111389416
-0.00593482155909
0.0119406487596
0.00884838729344
0.00584819850485
-0.0116268829677
-0.0205887949291
-0.00300312683418
-0.0150607217247
0.0
0.0519879229204
-0.00290696079389
-0.0291540833711
-0.039038806696
0.0312495115374
0.0
-0.00606085737982
0.0579270880479
-0.0230540794211
-0.026549337749
0.0242431435353
-0.0236693246993
0.0606062859267
0.0514288056318
0.0489131271042
-0.0233166502917
0.0344825643985
-0.066666303687
-0.0274719783021
0.00847345566845
-0.0196072107586
-0.0285708546193
0.0147048149237
-0.00869587814993
0.0292407165747
-0.028409988163
0.0263166173223
-0.00569810566386
0.00286531246671
0.00571452145837
0.00284089157237
-0.00849879866143
-0.00571438663741
0.0172419567615
-0.0282494732083
-0.017440941728
-0.0147933628389
0.0660665230925
0.00281701635792
-0.0140453827945
0.00854736015106
-0.0112998959213
-0.0114287732748
0.00867074332619
0.0143271031626
-0.039547902857
-0.00882388821493
0.0
-0.017804604699
0.0181273550906
0.0
0.0118685229442
-0.0175945234975
-0.00298519740433
0.0179646716595
0.0
0.0
-0.00294129607164
0.0176981665431
0.0
-0.00869587814993
0.00584819850485
0.00290696079389
-0.00869587814993
0.0380128763572
-0.00845091615173
0.0340905648135
0.00824196943375
0.0054498155001
-0.010840424113
-0.0219184535585
0.00560234345425
-0.0167123446481
0.0623221619228
-0.00799895004972
0.0483860226613
-0.00512720926082
-0.00515484918363
0.0259063297394
0.0
0.00252535694067
0.00755686787332
0.0
-0.00250010263244
-0.0125316075305
0.0126906416713
0.0025063688117
0.0149993181431
-0.00492631391519
0.0
0.00495070263045
0.00492619769017
0.00245108244094
0.00489006327835
-0.00973253385032
0.00491409350656
0.0097802419292
0.0145282157428
0.0262527051061
-0.0186051973007
-0.00473942234398
0.0214291299729
-0.0116553824033
-0.014150196907
0.0
0.00239232937381
0.00954580345929
0.0165489288247
-0.0139539528445
-0.0117917194649
0.0119324232525
0.00235858873304
-0.00235303888204
-0.00235847744211
-0.00236416456183
-0.00236976708118
-0.00712495572682
0.00239232937381
-0.00238661979318
-0.00239244226214
0.0071934077158
0.00952398286514
0.0377358616556
0.052273186472
0.00431983228623
-0.0215059535691
0.00439568348756
0.0
0.0109412699221
0.0
-0.00432918251621
0.0
-0.00869580649169
0.00657911688669
0.0108935935731
0.0237115292365
-0.0021062339837
-0.00633233735911
-0.00424826055651
0.0831571854695
0.0334627888831
-0.00381139521333
-0.0477983283532
0.0341347542353
0.0291316987051
-0.00377551002238
-0.0151500689846
0.0
-0.0192313328947
0.00587610757027
-0.0292362222962
0.0
-0.0220899417757
-0.0164256877207
-0.0187887522633
-0.0148931331853
0.0367172495186
0.0
-0.0166652854543
0.0169477241145
0.010412080034
-0.00824196058099
0.0124704895558
-0.0369601712778
-0.0191884712217
-0.00869580649169
0.0
0.0
0.00219296997488
0.0065647206514
-0.0347825078985
0.00900916794696
0.0111600141309
-0.0154519340985
0.00448438369058
-0.00669659832017
-0.0247187422592
0.0
0.0253452448337
0.0539310975796
0.0106662650204
0.00211067956874
0.00841539917118
0.00208875561274
0.0395834814081
-0.00801995295453
-0.0222145429985
0.0
0.0165273914981
0.0345509135088
0.00981894355714
-0.0369652493496
-0.00605429994952
0.0304838942489
-0.00592010887163
-0.0158716738997
0.0161276466481
-0.0476150216992
-0.0187496872611
-0.0276015711872
0.0371230472887
0.0126279664799
-0.00207996821481
-0.0187496872611
-0.0318479282216
0.0285075748631
-0.0383777473458
0.0133030567232
0.0
-0.0065647206514
0.00660810098843
0.0153178191927
0.0107741680717
0.0127994576567
-0.025267754573
-0.0259175668865
0.00886839059757
0.0219786248547
-0.00860240172326
0.0195223535939
-0.0148931331853
0.0
0.0021600180596
0.0215553532241
0.0
-0.00844301692785
-0.00425740402267
-0.00854425689335
0.0107741680717
0.00213319263639
0.0
-0.00212865181202
0.0149227902385
-0.00629586657113
0.00211524393243
0.00632238226257
0.0251599254695
-0.00409198271496
0.0308066184896
-0.00398609463398
-0.00200092921182
0.0
0.0
0.0180356741805
0.00196942111912
-0.00393119295228
-0.0236711283099
-0.0323205814263
0.0166999966506
-0.0102624455188
-0.00830279869223
0.00627918487775
-0.0187105904051
0.0105886410669
-0.00838017868917
0.00633575564329
0.00630568078314
-0.0187887522633
-0.0127652845624
0.0
-0.00862104296396
-0.00869580649169
0.00877208686156
0.00217400291351
0.0108413164551
-0.00428697932304
-0.0387932695823
-0.00896887318235
0.00678750470539
0.0112363124909
0.0
-0.0333333333333
-0.0367815947319
-0.0119334368226
-0.0217397969645
-0.00493847816204
-0.0347392751176
0.0179953690877
-0.0176772602648
-0.0359896464368
-0.0586659717331
0.0339941252445
0.0383560655638
0.0422163608101
0.0101267619246
0.0275686377608
-0.00243912544583
-0.0293395720626
-0.0403023840659
0.013123778594
0.0233156723161
-0.00759525063586
0.0153066395741
-0.0175885447178
0.0204609710435
0.0150369119663
0.0
0.00740760073104
0.0122552965494
-0.00242140737548
-0.00970902475102
-0.00245096678565
0.00245698878355
0.0196084282169
-0.014423442302
0.00975638669225
-0.00241555832474
0.0
-0.00484281475097
0.0
-0.00243307605705
0.00731726124641
0.00968551524688
0.0263786195478
0.00934595925351
-0.006944620426
0.0116553824033
-0.0138252325172
0.00233643468798
-0.0093242839239
-0.00235303888204
-0.106131818768
0.0158315399446
0.0155835827827
0.00511530310277
0.00763378484705
0.0
0.00757595166205
-0.00501261935941
0.00755686787332
-0.00250010263244
-0.0225569645134
-0.0205122248538
0.00785360266018
0.0129861964211
-0.0128197170573
-0.00519501785213
0.00261107349951
-0.0208339426315
-0.00531924506252
-0.00534655521533
-0.00537656300045
0.013512663866
0.00266677807079
0.0
0.00265968528041
-0.0212195389683
0.00271001011906
0.013512663866
-0.0186659364999
0.0163036063428
-0.0106943721248
0.00540562669292
-0.0215059983066
0.00824196943375
-0.0299723137646
-0.0280906330403
-0.0086707433262
0.00583087170321
-0.0260862667002
0.00595262504782
-0.00295884009671
0.00890244237125
-0.0117650455004
0.00595262504782
-0.0118348019571
0.00898226519001
0.0148358637129
0.0438596951144
0.0196084003561
0.00274736635644
0.0027398390149
-0.00273235280808
0.0
-0.0027398390149
-0.00274736635644
0.0137745458705
-0.00543487738476
-0.0382512632603
-0.0113639684542
0.00287368205955
0.0
-0.0143271031626
-0.00290696079389
-0.00874534454751
0.0
0.0294111564957
0.0
0.00285726072919
-0.0113963457646
0.0
-0.00864575573598
-0.017440941728
0.0177505276463
-0.00581419593289
-0.00877078003483
-0.0471976163028
-0.0154803610195
-0.00943420304444
-0.0809525193401
-0.077720102531
0.00374529717074
-0.039179411947
-0.0291260588066
0.0880006508081
0.0147063135088
-0.00362316486665
0.0109076470554
0.0269784496265
-0.0210148277446
-0.0411453268504
-0.0149258172568
0.0151519728344
-0.0111943189245
0.0339633291844
-0.0328477115443
0.0207544280446
0.0499083727506
-0.0105638173099
-0.0355864935993
0.00738020294731
0.0183138672657
0.00719454744759
0.00178654728713
0.0142589832133
-0.00702851511174
-0.00353980054046
-0.0337480676668
0.0441173791809
-0.0158448121254
-0.0357791396542
0.0074212876884
-0.00368339585008
-0.0110891213466
0.0336441110149
0.0217003758946
0.00176923213121
0.0318031070286
-0.0273980483524
-0.019366084562
0.0394969033415
-0.0259067551757
0.0567376100139
0.0402680748556
-0.0129020935059
-0.029412658199
0.0134684173549
0.013289586537
0.0229499005276
-0.0352560670544
0.0166118264026
-0.00653621480285
-0.0361852332521
0.0017074424165
0.0136290213539
0.0201669875933
-0.0247115662382
-0.0135123243506
-0.00342479644415
0.0103079142365
-0.0204070954405
-0.034723316797
-0.0269784496265
0.027726466712
-0.0341711299476
0.00558585189338
0.0
0.00370385646381
0.0
0.0
0.0110703914825
0.0218968096035
0.0
-0.0160711733745
0.00725982965623
-0.00540486310146
0.0108682978203
-0.00716706815395
0.0306843538993
-0.0227669586554
0.0
-0.0179200382099
0.00182394480806
0.0200363196542
0.0125011122736
0.0158727463898
-0.00694472889735
0.0244745541457
0.0170654054161
0.00335584444704
0.00836068305819
0.0149265481176
-0.0326806113935
0.0101353990345
-0.0100337034463
-0.0135123243506
-0.0188369460441
-0.0244320221888
0.0232556726094
-0.00174906631768
-0.0157615753278
0.00355886766446
0.0159571913616
0.0209429568116
-0.0153842033873
-0.0295140328221
-0.00894398298217
0.0324902478151
-0.017483073605
0.0
-0.00177851023613
0.0356500655323
0.0
0.0223749255033
0.0353539798966
-0.0081295735277
0.0163922556482
-0.0161278832627
0.0131149803337
0.00647122772977
0.0192931089602
0.022081295309
0.015432457022
0.00303978396508
-0.0212114279178
0.00309464051447
-0.00925804694066
-0.00311539210678
0.00625010875204
-0.00621128752949
-0.00625025621243
0.0283012736426
0.0275237989553
-0.0267865318382
0.0275237989553
0.00595262504782
-0.026628164796
0.0
-0.0243152597614
0.0280367649491
0.0181822861555
0.00595262504782
0.0443784132274
-0.00849879866143
0.00285726072919
0.0
-0.00569810566386
0.0143271031626
0.0112984296488
0.00279328099402
0.0362128184276
0.0188165751778
-0.00263875599724
-0.0238088907215
-0.016260700109
0.0
-0.0275477918141
0.0141635504761
0.00279328099402
-0.019497844957
-0.019887045336
-0.0144917169087
0.0176462497816
0.031791452653
0.00840358127013
-0.00833354960873
0.0252108759879
-0.00819705842423
-0.0455680290768
0.00867070169869
-0.00286543397599
0.00287366828272
-0.00573086795198
0.00288195005118
0.0229892108455
-0.00842726859362
0.0283281682909
-0.0137744791243
-0.0279325461373
-0.0114945377146
0.00290694687698
0.00289879421798
0.00867070169869
-0.00573086795198
-0.0172915645006
-0.0175944418617
-0.0567166476034
0.0348096088771
0.00305821723848
-0.00304889306116
-0.0305805871443
-0.0189278396554
0.0128620603389
0.0126987285264
-0.00313491015922
0.0
0.0345906776968
0.0212773820227
-0.00595259634014
-0.00598810083476
0.0
-0.00903661615176
-0.0060791087698
-0.00917450760267
-0.0401232053999
-0.0128606965966
-0.0228019684362
0.0133336642546
0.0197358528589
0.022581334136
-0.0441637203721
-0.0528053277509
-0.0313598587634
0.0431667383711
-0.0482756536214
0.0235506299872
0.0159288586934
-0.00348444699572
0.00349663082047
-0.0104533409872
0.00175988124535
-0.0158169029785
0.0196426587856
-0.00875615058176
0.02826942502
0.0309271655842
-0.0116662297145
0.0118039371569
-0.0133336642546
0.0
0.0253377388722
0.0247117580064
-0.0096466588994
-0.00324534442788
0.00977064946145
-0.00322440643544
0.00323483686424
0.0193555595586
-0.031645085422
-0.0359486998475
-0.0237279357721
-0.0538203270693
0.00733972179546
0.0
0.0163931020867
-0.0179199549223
0.0200725963114
0.0160998365552
-0.0369721082219
-0.0127966002548
-0.00185270481813
-0.0259730721897
-0.0133328306683
-0.0347500983435
-0.00999933271179
-0.062627106171
0.0107771766872
-0.0405118740487
0.0244439636548
-0.0585689337435
-0.0483874820676
-0.00242037146746
0.00970909322166
-0.0576916802906
-0.0280633049687
-0.00262341036916
-0.0026305587792
-0.0659635331118
0.0677958520568
0.0846561954729
-0.0219507575148
0.0523694389465
0.0379133667197
0.00913275809424
0.0203615649633
0.0155225804456
0.0196502227831
-0.0171310362922
-0.0283223430106
0.0201789433933
0.0263743889303
-0.0578166168005
0.0113630911172
-0.017976082157
0.00686404887006
0.0477276388213
0.0108454627865
-0.021457999195
-0.0701754676053
-0.0306622526419
0.0121669409696
-0.0144233731961
-0.00975645415119
-0.017240738918
-0.00501271307751
-0.00251791515865
-0.0101011303051
0.0204062447105
0.0324999216549
0.0145281622064
0.0334141317076
0.0115463452572
0.0662110974996
0.0428256734461
-0.0369600259177
-0.0511741415947
0.0134834383001
-0.00665098205744
0.0044644472551
-0.00444460455251
0.0379464342066
0.0301063866012
0.0104396880116
-0.0371910329627
0.0257518238136
-0.00836850443693
-0.00421956365564
-0.0466094858358
0.0511113815262
-0.00845676282986
0.0
0.0
-0.0341161613827
-0.00883034816855
0.0
0.0645890153459
-0.00627549103987
0.0147362756676
-0.0165979152441
-0.0147673791799
0.0256946371539
0.0125265630903
0.0123713952634
-0.0162936828699
-0.0082818797342
-0.00626219934517
-0.0420161594673
-0.0372806913293
0.0045559715087
0.00453317159158
-0.0225718707948
-0.0161658846267
0.0164315145959
-0.0161658846267
-0.00704349996195
-0.0047283067399
0.0308787726488
-0.0368653396705
0.0167457755068
-0.018823998508
-0.0047963413912
-0.0337337018841
0.0274308833826
-0.00485431784939
0.00975622427385
0.0289863353873
0.0469475954399
-0.0179378717025
-0.00228200602209
0.00915364677129
-0.0249451599722
-0.0186029374374
0.0165870421048
0.0116542270987
0.0138251810182
-0.00227163288528
-0.0159468663929
-0.0185170276848
-0.0188683774903
-0.0312496601574
-0.0223343603349
0.0152287627509
-0.0224995470119
0.0613806937939
0.0313272663724
0.0327090177716
-0.00226135362645
0.0
-0.00226882983434
0.0386366089973
-0.0503287293963
-0.0115199707435
-0.00932434834247
-0.032942163712
0.0559616910023
-0.0437790160064
0.0385554301163
0.0765650694517
-0.00215433846514
-0.0151182202564
0.0416668130705
0.00420889049742
-0.00628865327543
-0.0189869428356
0.0322581168226
0.00833343805519
0.012395193501
0.0122451648891
0.0403238923941
0.0
-0.0019390588295
0.00388363906552
0.0
-0.0290134257576
0.0159366536651
-0.00196168731351
0.0216124563771
0.0
0.0
0.0653847868744
-0.0126365960435
0.0018291687982
-0.0401472564837
0.0
-0.00570264911757
-0.00382423132878
0.00383891221715
0.00764846265756
0.00569182215032
-0.0741194272389
-0.00816163157342
-0.0329227199591
0.0276593256613
-0.0144922820322
0.00209992362296
0.00629051555276
0.00833361599606
0.0516515189845
-0.00982260150561
0.0
-0.00595165181539
-0.017965427288
-0.00203163505017
-0.00814691745822
0.0102663273738
0.0142289054554
0.0200388706941
-0.0294694685811
0.0263174689721
0.0118328564934
0.0175433672192
-0.0191559587111
-0.0195317303537
-0.015936617231
0.0
-0.00202360003056
0.0
0.00608444614894
-0.0423371519561
-0.00421066646695
0.00422847114862
0.00841935163028
0.025053068211
0.00203577099388
-0.0142271838929
-0.0164954150943
0.00629051555276
0.0166672319921
-0.00819699478238
-0.0103318982556
-0.00208677330345
0.0104596229023
-0.0165617729698
0.00210434258166
0.00209992362296
0.0167720774742
-0.00618481043313
0.0124485532628
0.0
0.00614678182521
0.00407326705497
-0.0202844778759
-0.0289843692154
0.0
-0.0255872113708
0.0131295543682
0.0
-0.00431980105987
0.0151838787168
-0.00427365208627
0.0128759837336
0.0
0.00635694773992
0.0147363419825
0.0145223358747
-0.00204409754085
-0.00819699478238
-0.00206715743588
-0.0207027033346
0.00845495261573
0.00629051555276
-0.00416680799803
-0.0104596229023
0.0549679362824
0.0
-0.0040081513411
0.00804856253893
-0.00998131473836
-0.0120970067806
0.00612343243337
-0.00811367661244
0.0081800468674
0.030426048676
-0.00196764473981
0.0118328564934
0.0
-0.0311883306925
-0.00201308743533
0.0
-0.0161275082007
-0.00614871034836
0.0
-0.0268038852555
0.0169495344247
-0.00208438433216
0.016702045474
0.0
-0.00821383489311
0.0165637214595
0.010182496778
0.0
0.0100819458127
0.0019951358584
0.0119526035289
0.0059047868178
-0.0117402499624
0.00197933227493
-0.00592812669485
-0.00994162627306
-0.0180717836919
-0.00204409754085
0.0143435837553
0.00404054154512
0.00402428126946
0.0180357380293
0.00984192889579
0.025340908528
-0.00950514046943
-0.00959635517334
0.0116264754467
0.00766310464995
0.00380241402835
-0.028409008877
0.00195011914439
0.0116735471555
-0.0192312321334
0.0
0.00980314725241
-0.011650707211
0.0294694685811
0.005726289367
0.030359597065
-0.00184081818918
0.00738032496767
0.00366312741313
0.00729951576994
-0.00905912616387
0.00548551061634
0.00181738723336
0.0145193839164
0.00536606702121
-0.0231314696803
-0.00546381203787
-0.00366312741313
-0.00367659524997
-0.00369016248383
-0.00185278651703
0.0
0.00927763643503
-0.0110297857499
-0.0594794940762
0.00395270443695
0.0
0.0
0.00196764473981
-0.0157157926169
0.0
0.00598728605732
-0.00396839031094
0.00597723913531
-0.0455449555913
0.0020737826119
0.0372681784349
-0.00199701434052
-0.00800027706587
0.0141143446536
0.00795255261335
0.00591642824672
0.00195992822393
0.00391403056193
-0.013644780019
0.00592812669485
0.00589485517556
0.0468745720616
-0.0111942395011
-0.00943340107625
-0.0076193071206
-0.0191943360822
0.00587178253225
0.0155628985683
-0.0134095316805
0.00582635868572
0.00192965840086
0.0269756998744
-0.00375247176332
-0.00376642861004
-0.0113425383973
0.0420644683445
-0.00550391480251
-0.0110704874515
-0.00186485793649
0.00747512761845
-0.0111303700421
-0.00375247176332
-0.0150662461462
0.00382422252325
-0.0171425447166
-0.00193896182465
0.00194272870144
0.00193713794935
0.011605817253
-0.00191301099401
-0.0153244063861
0.00778236477033
-0.0231666201255
-0.0118581133109
-0.0460004637842
0.0209650968427
-0.0102663273738
0.0
-0.00829903550852
-0.0271963977551
0.0193542785427
-0.00421935566621
0.00423723406376
-0.00210878436454
0.0105701830308
0.00418424293496
-0.0104160396619
0.0210513510311
0.00824770754713
0.0184043837337
0.00401620390493
0.0120004155988
0.00592812669485
0.0
0.00982426556986
-0.0116733640583
-0.00393714207799
-0.00395270443695
-0.00198326150445
0.0178921207724
0.0
0.0253905693536
0.0038096535603
0.00569189986914
-0.00377371557031
-0.0113640313329
-0.00574642703058
0.00192775532467
-0.00384628262359
-0.00965356082021
-0.00779754130886
-0.0255402430828
0.00806479768181
-0.0200005044406
0.0224505368903
-0.00199701434052
0.0179996822777
0.0
-0.0353626596924
0.00203577099388
0.0162605405056
-0.00199912814598
0.00601128400596
-0.0089563912571
-0.00603731082683
0.0101227947204
0.00601122774122
0.0119524904424
-0.0118113158032
0.00597718164321
0.00990042052445
0.00392160332797
0.0136713528124
-0.00577958557265
-0.00969100757654
0.0117419803764
-0.00967063398035
0.0175778208688
-0.00383898703002
0.00192779657308
-0.00192408732413
0.00577976672249
0.0
0.00383145557849
0.00381683155793
0.00570463992633
0.00567032662361
-0.00187892159938
-0.00941742757926
-0.0247146250123
0.00974787371767
-0.00965376998694
-0.00194851178564
0.00585860032612
-0.00194076212018
-0.00583763206694
0.00195779400165
-0.0117190369163
-0.00988086257576
-0.00199686948813
-0.00400022564025
-0.00602330483756
0.0101004345472
-0.0160005264939
-0.00203168061186
-0.0101825303486
0.00822858663926
-0.0102033219797
0.0206191382481
0.00404043972474
0.00201123887548
-0.0100395965509
-0.00405683187995
0.00610917354495
-0.0161927793941
-0.00617395482867
0.0
-0.00828204098547
-0.0125244536965
-0.00845692814364
0.00852905777235
0.0105702160376
-0.00418433413936
0.00209997060989
-0.0104813976774
0.0127121800692
0.0
-0.00209315050818
-0.00209556997453
0.0105036058186
-0.0103944268562
0.00840363520872
0.0104160729413
0.00824769406903
0.0163602598707
-0.00603731082683
0.016194872886
-0.0517925645471
0.00840363520872
-0.00625113236281
0.00209754097714
-0.00836847159102
-0.00210883132622
0.0126833051648
-0.010437633579
0.00632827910676
0.0
-0.00628848382595
0.00421944778054
-0.0168070729033
-0.0170945802744
0.0260878309316
0.00635708597473
0.00631494941806
0.0
0.0125526090427
-0.0185945203808
-0.0042107579978
0.00845494047632
0.00209754097714
-0.00418433413936
0.00420191636144
0.0
0.0
-0.00418433413936
0.00630168945717
-0.0166998604272
0.00849283896402
-0.00210636864777
-0.0168781878173
0.00214705316852
0.00642313189133
0.00212877977431
-0.00637057737412
0.00641142183299
0.00636858126653
0.00421944778054
-0.00420171884728
0.00211081480189
0.0231575855497
0.00411526056933
-0.00205025691788
0.0
-0.00615935321096
-0.0123969944184
0.00209098694348
0.0146153956371
0.00617202032927
-0.0122702429689
0.0165634980158
0.00203581674126
0.0
-0.00812844226736
0.00819505530126
0.0
0.0081303531784
0.0100817851364
0.00399223771173
0.00397617621303
-0.00198123836893
0.0039684775216
0.0
0.00197732449898
0.00197138259361
-0.00393704357694
-0.00395279095953
0.00198517146681
-0.0118814727218
0.00400805039144
-0.00598910719986
0.0240971839138
0.0352933238727
-0.00568107153503
0.00190379385231
0.0019021424394
-0.00379509992711
0.0
-0.00571532130528
0.0
-0.00574655298676
0.00385378164778
0.0115166001812
-0.0113854781812
-0.0287907786355
-0.0138334677314
0.00801628919309
-0.0039763631249
-0.0179654450189
0.0
-0.00812844226736
0.00409646803655
0.00612356653092
0.0
-0.00405683187995
0.0
0.00203581674126
0.00609867256654
0.0101004345472
0.00200086495431
-0.00499151691709
0.0100314168987
0.000992450467572
0.0069453020158
-0.00788202545472
0.00496486650654
0.0158107922304
0.000972176545066
-0.000971232335769
-0.0116736179271
-0.00295319909544
0.0118463002864
-0.0146332264202
-0.00594166721898
0.0139436981889
0.0088425680075
0.000973305860085
-0.00583763206694
0.0
0.0215261667512
0.00191653827907
0.00191125430738
-0.0095414509199
0.0
0.00289078911043
-0.0182526078121
-0.00293420719278
-0.00196374000761
-0.00688180639421
0.00990042052445
0.0117649943304
-0.0213175565061
-0.00297074052368
-0.00496505323288
-0.000999279205366
0.0
0.00899255304201
0.00396061502167
0.0236673464793
0.0211943498641
-0.00565963332388
0.0218209771816
0.0297129686064
0.0153292161533
-0.014210047663
0.0243237401249
-0.0123124790798
0.0115760302367
0.00968372469183
-0.022669250937
-0.00713504656978
-0.00359408983907
-0.0126251973588
-0.00273842236512
0.0109892777916
0.000905421440809
-0.00633544991462
-0.0100173237451
-0.000921138599963
-0.00184085917843
0.0101465203753
0.0410967701831
0.00350880376067
0.025350002786
0.0161971628916
-0.0117445236418
-0.0169783983413
0.0138172171167
-0.00340718585796
0.0410252099868
-0.0155986036115
-0.0225199426773
0.0290104472586
0.0207298479344
-0.00487344545797
-0.0240303690153
-0.0100505721311
-0.00169279039696
-0.00254134277238
0.000849272550117
-0.00933837501435
0.0102829529838
0.00169725770874
-0.0270965948743
0.00261154171014
-0.000867703074388
-0.0112959728933
0.0105450007822
-0.00869506857605
-0.00877133594358
-0.0159305418339
0.0098928089052
0.0293860276197
-0.00692052876855
0.00087056290185
0.000869969117159
0.0321745950436
-0.00926772901484
-0.00765283514188
-0.00256965206953
0.00687134981724
0.0
-0.00426576605374
0.0179948056629
-0.0109425938244
-0.00340447321762
-0.0273260997858
0.00790142581785
-0.00261381522147
0.0157202187786
0.00430055231919
0.0
-0.00770684936088
0.0
0.0517703180744
0.0467591154788
0.043886840541
0.0262760474455
-0.0321868569693
-0.0370377572553
0.00157069660306
-0.0094046908957
-0.00949397883198
0.0255598424442
0.0288151723091
-0.0052981484343
-0.0091325708352
0.00614449559809
0.00381667790048
-0.00532374678101
0.00611631332259
-0.0182362527824
-0.0123841025239
0.0
0.00234999537153
-0.000781544221557
-0.00860635551679
0.0102604409291
0.00390598408969
-0.00389078673859
-0.0031250513482
-0.00705322383367
-0.00868255001756
0.00159320614796
-0.00477037361682
0.0127799212221
0.0126186557951
0.0
0.0116814471469
0.00384885551338
-0.000766416498836
0.00153559400249
-0.00229921180982
0.0
-0.0015369171657
0.0
0.0
-0.000768919196892
0.0130870339511
0.018997250107
0.0126770050301
-0.00515503762877
0.0362701632184
0.00142785745194
0.012839895037
0.0197175726408
0.0193376044683
0.0311643600333
-0.00131352800593
0.0164476138846
-0.0239487078199
0.00663097701965
-0.0158095618172
-0.0147253742588
-0.00815243564604
0.0136989878112
0.00540562076455
-0.0154576490905
-0.00614328783699
-0.0144231575325
0.0062715882331
0.0200834121201
0.0
-0.00135722228129
0.00339881603142
-0.0216808270801
0.044321304423
0.00530525482109
0.0178096141643
-0.00259239728169
0.00649850928897
0.00645533901441
0.02245009711
-0.0156828755995
-0.00701121770896
-0.00385073310736
0.0154632002743
-0.0152277308229
-0.00128922517506
0.00967676395405
0.00447331138195
0.0
0.00254457242499
0.0145934704184
0.0312699098888
0.00424543922759
-0.012681341022
-0.0140680019084
0.0105460608635
0.0184172745468
-0.011453349763
-0.00487813144733
0.00490204426361
-0.00304857451889
0.00183526637951
0.0061045899413
0.000606549895651
-0.00667005421134
-0.0329673995774
-0.0189394141473
-0.0244531316085
0.0395777599322
-0.0120552372537
-0.00578137582875
0.00775207245991
-0.00128141127861
-0.00320902461032
0.0180288266789
0.00632587234039
-0.00754254966813
0.0
0.00569963647201
-0.00251893368728
-0.00883811664536
-0.0133758666492
-0.018722034906
0.0210532323958
-0.00515472275064
-0.00388674262824
-0.0117032830511
-0.00592087414217
0.01257382413
-0.00130653703005
0.00196365987956
0.0176352368657
0.00770230993363
0.0
-0.00254781260223
-0.00255432053227
0.00512172358826
0.0235661601781
-0.01182280401
0.0125947866906
0.0217659703029
0.019475975116
0.0250748881037
-0.00990102041932
-0.00352897432963
-0.0017713457472
0.0124188686847
0.0
-0.00116775017561
0.0140344365217
0.0126872625308
0.00512513126966
-0.00453169810739
0.0108134487178
0.00675697537379
-0.0290826234405
0.00921576685251
-0.0131273555207
-0.0133021925006
0.005275336807
-0.0075800536821
0.00528784531502
0.0157798737465
0.0448787909925
0.0115640493013
0.00871010327
0.00593168113213
0.0144897458748
0.00370113645843
-0.00632562097129
0.00743178280742
0.0147342495025
-0.0165959964289
-0.0184635455459
0.0166603330775
-0.0322435255089
0.00273056276525
0.015793400733
-0.00375173427088
0.0183022346444
0.00633583425176
0.00420373985101
-0.00836256145714
-0.0121343501301
0.0165467736258
-0.0246810677945
-0.00323162794686
0.00810531378784
0.0
-0.00750345182937
0.00810285737462
0.00910249250863
0.012211578044
-0.0110198555921
0.00902071607342
-0.00578074610218
0.000521476825546
-0.00791559057768
0.0
0.00265631591731
-0.0143366212378
0.00646177908011
0.00910753660818
0.0355390865198
0.00563565939649
0.0239430043174
-0.0109460716176
-0.00754666079247
-0.00202845625646
-0.0192946248045
-0.0212356601625
0.0137584196696
-0.0104337939822
-0.0488951466957
0.0216544592076
-0.0239126873939
0.00445447438831
0.0221725605843
-0.0330799603667
0.022433603218
0.0186506968549
0.00376489893764
0.00322545948737
-0.0262047282885
0.00384344674718
-0.0268048120661
-0.00449693587207
-0.0107291033255
-0.0165516613856
0.00464211257213
0.0358180199679
-0.0167317366817
0.0260921617454
0.0105025862241
0.0158645393703
0.00754373521241
-0.0122974232056
0.004329133055
-0.00700425246998
0.00379746603579
0.0108132159208
0.00534521015173
0.00159415935129
-0.0148685188712
0.0124035580167
-0.0207704180927
0.0125063637832
-0.0161116118773
0.0109172033508
-0.0248381689071
-0.0143963412545
-0.020225268415
-0.00171944255176
0.0453756373913
0.0115385388248
-0.00488847609963
0.0109172033508
0.0
0.0188973915629
-0.00370902289043
0.0
0.00159415935129
-0.0122122630196
0.0279547384108
-0.0136002040276
0.0095439064046
-0.0168054173237
0.0
-0.00213777305122
-0.00695637192363
0.000539896151885
-0.000539604821319
0.0
0.000539896151885
0.00269378002373
0.00214748091489
-0.00964924118809
0.000541117134242
-0.0119046338378
0.0191673894011
0.0214914375384
0.00421041976534
0.00523611954783
-0.0177118531261
0.00742578444082
0.00473431979398
-0.00366820722589
-0.00157635464092
-0.00315798335703
0.00581437131862
-0.0105147819063
0.00371680601494
0.00476671090101
0.000529261734693
-0.00421260585558
0.00105272475798
-0.00474683591308
0.0249335624364
0.00672481932539
-0.0185085491608
-0.00366617770543
0.00420819444724
0.00680228289622
-0.000522755671411
-0.00520062654201
-0.00209304834865
-0.00418524377684
0.00841543951584
0.00208867644299
0.00937476464919
-0.000518612066755
0.0051699309188
0.0097514917565
-0.00101310550225
0.00814123376623
-0.00251949962372
-0.027850021879
0.00520602103449
-0.00155266812967
-0.00778563256622
0.0183120641117
-0.0179827626099
-0.0041860966973
-0.00367591723581
-0.00210970046979
0.0015930263905
0.0147652997009
0.0031152049745
-0.0103581174914
0.00104270576795
0.0350471323335
-0.00455240928374
-0.00710532163209
-0.0102205090186
0.0036150317198
0.00360210686283
-0.0123137917815
0.00415577055379
-0.00620790588684
0.0
0.00521038454738
0.0118985861328
0.0107398682497
0.0121518622586
-0.0240025574021
-0.00205015668259
0.00308636656276
-0.0122885725518
-0.00984697502292
0.00837679296433
-0.00311035996689
0.00155993461513
0.0161081577956
-0.00817865449267
0.0201113098249
0.0040465039323
-0.00101224706572
0.0
-0.00302100666885
0.00707666473714
-0.00351342165297
-0.0020161654157
-0.00757331471168
-0.0122041054622
0.0
0.0200802747432
-0.00453836521906
-0.00557848805056
0.00713799254994
0.00151737935414
-0.00758478889238
0.00509208255065
0.00253775259892
-0.00809300786459
0.0107111165449
-0.00152061795462
-0.00202126405017
-0.0106257491043
0.00512242751414
0.000502034863744
0.000511322551042
0.000510965886662
0.0066018071083
-0.00252759402171
-0.00404112940916
0.00863538288432
-0.00403223634874
0.00556441174674
0.0221343872772
0.0216550656672
-0.00481490134136
-0.010649261734
0.00586462260645
-0.00680812728062
-0.000975399004322
-0.000985452916698
-0.000977314433802
0.00294393100595
-0.00195989071123
-0.00490470125973
0.000991286958477
0.00295253066468
-0.00294383889008
-0.00493304884037
-0.00494840555812
-0.0228830306451
-0.00611296791444
-0.00768582967789
-0.00877363274232
-0.0135435082639
0.0221814095975
-0.00723984767209
0.0109340401772
-0.00360201033818
-0.00413427415671
-0.0165960217719
-0.0158255951909
0.00106729431895
-0.0112380657298
0.0303222586589
-0.00526236790984
-0.00897747996283
0.0191893152626
-0.00836258055656
-0.0174062950631
-0.00375971034516
-0.00323338484505
0.014053034362
0.0
-0.0047923801785
0.0133894977678
-0.000531219583614
-0.00158478621106
0.0
0.0116533914705
-0.00523336371735
0.00473181542514
0.00628919880995
0.0130131233478
-0.000516575371286
0.00513920657177
-0.00971156462167
0.017036964346
0.00254300597632
-0.00709101130353
0.0142833056892
0.00402615790365
-0.00901790153148
0.00758478889238
0.0
-0.000504299152629
-0.00602705702802
0.0101060360861
0.0
-0.00750135010986
0.00150973837469
-0.00301492500141
0.00251684949263
-0.0025105308643
0.031282817312
0.0127127687394
-0.00192441489044
0.0106404562649
-0.00231247465327
-0.00384808257595
0.0
-0.0125499249499
-0.00488552362731
0.00785330153407
-0.00389149090224
-0.0117473828945
-0.000986011906307
-0.00297014212363
-0.00994523114467
-0.0110450015422
-0.0106580850903
0.0020533679664
0.00409822468753
0.00968191895809
0.00202113270633
0.0141199581034
0.00695702676177
-0.000992236523307
-0.00691582306788
-0.00298187638526
0.0
0.00498771013869
0.000988946413163
-0.00694328074939
-0.00998562498036
0.0060480834587
0.006021021547
0.00100213412093
-0.00597899406446
0.0100156096928
0.00298230015171
0.00790766707707
-0.0127502456582
-0.00994523114467
0.00200904526307
-0.00150148769623
0.00501542927125
-0.0064864545477
-0.00503229772096
0.00303642796147
-0.0130933495666
0.00152896988532
-0.0132469012481
-0.0098017472722
-0.0198171696146
-0.0106376864459
-0.00645174151312
0.0151499275974
-0.0202540722959
0.00544043055591
-0.00919913299279
-0.00163883976608
0.0120348814875
0.0237825187606
-0.00950350774244
-0.0149238326138
0.0140721472413
-0.00373467368821
0.00374867376147
-0.0202804952385
0.0157934026611
-0.00375171035479
0.00161492434811
0.00913889825264
-0.00266615586452
-0.00106339444585
-0.000537267583978
-0.0160446764643
0.00706513973344
0.00377802086037
0.00322647483336
-0.00482409708247
-0.0166933074801
-0.0109531891764
-0.00664475631124
-0.012262967373
-0.00507884580775
-0.00737381943049
0.00628521697407
-0.00624595976175
-0.0171427752054
0.0203486112318
0.0153843412398
-0.00953995179267
-0.00566534457257
-0.00626816486306
-0.0103209923099
0.00811202158461
-0.00172444113062
-0.00921150496411
0.0261480657741
0.0130233166751
0.00670789891393
-0.00999423235709
0.00616878233793
-0.00278693365586
0.0117385875802
-0.00386787780507
-0.00221850117811
0.0072261600735
-0.0215230552712
-0.0118444165303
0.00342526261041
-0.0108082543081
0.00345086809588
-0.00630419047036
0.00230688815788
-0.00805493274932
0.00290009094895
0.0011561836819
0.00520022584184
0.00229796336647
0.0114680913616
-0.0209753625876
-0.00868494935524
-0.00292041909912
-0.00234337580832
-0.00411078761763
-0.0141502397607
-0.111244428287
-0.0107675461893
-0.00952345404384
0.00274735132876
-0.00684885472763
0.0351711054852
-0.0326443199123
0.0172178312365
-0.020988131884
0.0373434547293
-0.0159992079983
0.00677473750398
0.0168238813599
0.0125738180133
0.0
-0.00653551173117
-0.00855266100103
0.00995294420556
-0.00525508011995
0.0184933479928
0.0175105099128
-0.0057371454297
0.0108974408222
-0.0215599335445
-0.00259256791534
-0.0331372070654
0.00134344121303
-0.00671095897074
-0.0202701659689
0.0055173071109
0.0
0.0
0.00411479345116
0.00614734465896
0.0
-0.0115410735903
-0.0178570762528
-0.027971458369
-0.0107920502093
0.0050913983913
-0.0159186413375
-0.000736387063106
0.0147170984921
0.00362564012938
-0.0231207310869
-0.00739733423382
0.00447158918703
-0.0363508506959
0.00154049463919
-0.0184478581182
0.0054821245843
-0.0194706210245
-0.00556050116501
0.00718827249175
-0.00317220117586
-0.0103419780173
0.0233122571044
0.00471263669493
-0.0344015289178
-0.0040482373761
-0.00406469221504
-0.00653084510408
-0.0147901529055
0.0250207255278
0.0187138890493
-0.0143766945553
-0.0145863987549
0.0164477995193
-0.0145643004722
0.00492713310255
-0.0196083831135
0.0116662271167
0.0238881858349
0.0056320789865
-0.0175998022494
-0.0211739212318
-0.0199657409665
-0.0271654964002
0.0200707452633
-0.0222409824222
0.0104972565776
-0.0268393949053
0.0391471626429
0.0222600134387
-0.0469025175999
-0.0219669931501
-0.0413301078424
0.0468608910425
-0.0161159150885
0.00182083997873
0.0
0.0299730959216
-0.00352746122204
0.00973357336241
-0.0105173080471
-0.00619911818398
0.032975618321
0.0155319259288
-0.00849719311175
-0.00428412452492
0.00344230362311
-0.0291595271635
0.0
-0.0194344199989
-0.0171162545878
-0.0210827000096
-0.0140440922355
0.0341872833151
0.0137749872191
0.0371365680089
-0.0183407434787
0.0
-0.00533735584299
-0.000894109346994
0.0232765322307
-0.225722636635
-0.00790825292444
-0.00114064507873
0.0
0.020526231165
-0.0111745180731
0.0237289907276
0.049669797447
-0.00946341740053
-0.0498938540723
0.00111688687765
0.0100443204936
0.00662914078166
0.00878167402909
-0.00326295753591
-0.0900047388346
-0.0204821577808
-0.0196783583012
0.00928345659025
0.00447524890182
-0.0222765513969
0.0177207589068
-0.0124370217199
0.0327454606172
-0.0195128540158
-0.0310948735147
-0.00898430702422
-0.0056999730689
-0.0333501271439
-0.00970344836425
-0.00707768733122
-0.0186393232677
0.0201113526991
-0.0147862089671
-0.00166849045794
0.0
-0.0116932425719
-0.00844948652555
-0.0267047082861
-0.0227673626891
0.0507768390491
0.0306985695538
-0.0330928814501
-0.0251017151974
0.0526640671776
-0.0355772746365
0.0259385181352
0.0117986035054
-0.0144385746492
-0.0247877517243
0.0236867285002
0.0141074312484
-0.0422930904554
0.00406679577989
-0.0370364275571
0.00240504822003
0.0425646142151
0.0345034919258
-0.00555869813693
-0.0212412301559
0.0239850998627
-0.00390349166732
0.00224076197914
-0.00447150438127
0.011223739445
0.00444173565542
0.0110475082776
0.0109290870274
0.00919146041085
0.0230304125889
0.0125641582607
-0.00310140188572
-0.00674363173982
0.01932346335
-0.01075872524
-0.0523061718
0.00437377457255
0.0
0.000544277590702
-0.0266454616961
-0.0150835796307
-0.0181517375154
0.0144415901423
-0.0170850047877
0.00231892919812
-0.00231356420653
0.0388187019236
0.00278995398175
0.0150164725147
0.00438294231089
-0.0267324735911
-0.0184967627334
0.040547286132
0.0181132917369
-0.0118608591898
-0.00709314009352
0.00384814577465
-0.0333893645761
-0.0311433828857
-0.01694938805
0.0368625572899
0.131305406777
-0.0141916009066
-0.0431874657269
0.0102097253276
-0.00797781664114
0.00107304638945
-0.0305304400542
-0.0386751643669
0.00976957404325
0.00626121793809
0.0237568533441
-0.0292834302056
-0.0461001704662
0.0143183360591
-0.0294099016699
-0.0884861819888
0.0492017905085
0.0088733291424
-0.0263832216976
-0.01290367014
-0.0457497262438
0.0273978419917
-0.0206674123174
-0.0374401669423
0.00707253260822
-0.0589916578743
-0.0410445801109
0.0124539777816
0.0845493480728
0.0191347693275
0.0500719017727
-0.00463814790209
0.0452434712487
-0.00700222012929
-0.0403836752452
-0.00133682803994
0.0113706096588
-0.0376987124426
0.0103113195759
-0.0176893994889
0.013850580056
-0.0437151492611
-0.0264283956664
-0.0564935038285
0.0155522754229
-0.0229715162764
0.0203788994985
-0.0107542897038
0.0240695942219
0.0909771082583
-0.0152897184273
0.0437564335844
0.000676391235281
0.0202710917563
-0.00794789122333
0.0614144358809
-0.0119498667921
-0.0133679557185
-0.0193553548351
-0.00986730931656
-0.00332074541303
0.0133306565321
-0.0171044811091
0.00133920185816
0.0294108848786
-0.00779005506466
0.0176695844453
0.0
0.0
-0.00900456088788
-0.00973283556941
0.0
0.0222795301604
0.00448621176426
0.00191552017573
-0.026749978028
-0.0137441287484
-0.0099555027631
-0.0020086852438
-0.046340647905
-0.0373228256502
-0.0212146043886
-0.0254131173243
-0.0582824629966
-0.0350149604787
-0.0405065233169
-0.0404568798056
0.0119172496538
0.0326076308545
0.0368402586951
-0.0177638638948
-0.0318683988107
-0.0275814589092
-0.0311095624522
0.000944650771942
-0.0292420241129
0.0068012387469
-0.000965620577707
-0.00482871592909
0.00193796169154
-0.0087206728641
0.00293413484717
-0.018518796176
0.0129118032917
0.000976195633992
-0.0259521637533
0.00553112641389
0.00299694990772
-0.0129586681601
0.0111120633151
-0.019980655019
-0.0621833453556
-0.0179360972698
0.0116244033013
-0.0443098209104
-0.0463690138199
-0.0516187268772
0.0253173146711
0.0290125144237
0.078580788554
-0.0116774089841
0.00731640774611
0.00502829522874
0.0105587252
0.0335570469799
0.0111744677726
0.0726329162248
0.0117729726218
0.0281284673962
0.0292468616487
0.0036681936208
-0.0936089543775
0.04987297384
-0.0115131350846
0.0242702320576
-0.00853053512693
0.0124254743393
-0.0179417617957
0.0336574061623
0.0297649376493
0.0
0.062331847818
0.0374138482572
0.0352479869047
0.00474945762139
-0.0630402280483
0.00420368381021
0.0427151079395
-0.0168682954226
0.0089873210905
-0.0129581545595
0.00246236376979
0.0106397101403
-0.01052769848
0.0
0.0400990918614
-0.0149490816505
0.0223642220107
-0.0148436100149
0.0610631148177
0.0156958453096
-0.0029448074144
-0.066422381822
-0.000787501681318
0.0174028621712
0.0284768600817
0.00681116078745
0.00976517373923
-0.0252964577609
-0.000763647124604
-0.0366695486981
-0.00951727109239
-0.0208159708362
-0.0171716790734
0.0216295210905
-0.00814338612634
-0.0197027525477
-0.00335174340217
-0.00924055916346
0.00339042933846
-0.0228229373159
0.0406575436993
-0.00083157039377
-0.00915217378664
-0.0302260666131
-0.011252825914
-0.0306509720721
-0.0280007879365
0.00557484710741
-0.0277274537879
0.0190119794294
0.0270529297018
0.00817409402557
-0.00630533592358
-0.00181392140322
0.0454143607596
0.0321455390414
-0.0530326830146
-0.0177741827666
-0.00724338847889
-0.0291679621333
0.00845039489135
-0.00465768650594
0.012162469037
0.033270963644
0.0348844478452
0.0120979937088
0.01707995448
0.00588043135943
0.00166657850849
0.00749974470193
0.0090988061984
0.00737717909596
-0.0016245453832
0.0146697623127
0.021685946182
0.020439553516
0.0130962889361
0.0159706813822
-0.00224670745058
-0.00374921570923
0.00602356586819
0.0179621505475
0.0235311650981
0.0136492370024
0.0042512721785
0.0303477901737
0.00342307932889
0.0
-0.00477742559067
-0.00411390857747
0.00413090273365
0.0198904427765
0.0195028421865
-0.00461670101813
0.00530105437502
0.0112056475751
-0.0306389061348
-0.0141230395243
-0.0109131048476
-0.0379305990123
0.0150510999908
0.00353307473916
-0.00422135314796
0.00989245796397
0.000700055202304
-0.000699565467858
-0.0132961579132
0.00141930780738
0.00991315389494
0.00771452909515
0.00695898827166
-0.0193503140043
0.00493229545307
-0.00560961607393
0.0
-0.00141130112106
0.0155380263745
-0.00139167187261
0.018108510893
-0.022573325302
-0.0188939910353
-0.00071353675944
0.0085662270421
0.000707981527189
0.00848416587801
0.00280644177883
0.00279858770537
-0.0097643094361
0.00633780310055
0.0202941014399
0.00480035894835
0.0157011629808
-0.00201720416505
-0.0107734743357
-0.0231470864651
-0.0146315930974
-0.020509359702
-0.0267148016869
-0.0319007916523
0.022989018742
-0.0307127806869
0.0100476673669
-0.0290741822118
0.00788026925538
0.0
0.0132912054144
0.023148659138
-0.00905074206457
0.00380697474936
-0.00606466741297
-0.01068041391
0.0107957166321
-0.00991734949736
-0.00693349836364
-0.014740265092
0.00787406196962
0.032108899502
0.0173341558134
-0.00744086878895
-0.0254860964607
-0.0146151764577
0.0288833245795
-0.0151749440374
-0.00539208278127
0.00929610608035
0.000764173049973
-0.0199376550762
-0.0133012447745
-0.0039636513184
-0.00875829495002
0.00642513286829
-0.000798757983396
0.0167743011142
-0.0204271439552
-0.0344813026685
0.0124569999563
0.00328300839615
0.00408642682244
0.0
0.0057032539775
-0.000810022395403
-0.00486482955539
0.0
0.00814376555912
0.00646148102203
0.0144494836479
0.0363921344272
0.0160312544016
-0.0225398903584
0.00384142500178
-0.00459306886856
-0.0100012723809
-0.017869109506
0.00632855398734
-0.0196563895629
-0.0168374814249
-0.0130532158166
-0.00165005508527
0.00248090911125
-0.0173418544611
-0.0134442304846
0.0
0.00340884466003
0.024618198402
-0.0124298819009
-0.0327184343059
-0.0156113232709
-0.0105697274827
-0.00267283828706
0.008035844292
-0.02037394255
-0.00632815136335
0.00364147748423
0.0135976516181
-0.0152048231334
0.00544784428637
0.00542295605823
-0.0233636565343
0.00644305094815
-0.0109700792016
0.00554350985606
0.00275882979707
0.0027512395953
0.0146239328907
0.0270276056262
0.00964990977477
-0.000869137521683
-0.00782580087338
0.0148982992915
0.00690785688247
0.00514415050187
-0.0119431787597
0.00345191660034
0.00946723258877
0.0051174291701
-0.00339438134841
-0.0119126692413
0.00430464320343
-0.00428619267327
-0.0012067930368
-0.0186280422755
-0.00966687561749
-0.0150834046167
-0.0126148695277
0.00912458719777
0.0
-0.00361422079397
-0.00998266458078
-0.0137472293283
0.0148685684543
0.00640926901222
0.0564176747964
0.0111946408276
0.00681372047077
-0.0169209907008
0.0154940223308
0.00593128147822
-0.0092678151273
-0.0221077088144
-0.00347997948234
-0.00348806621105
-0.0376556029295
-0.0391247904529
0.002838010992
-0.0113282776196
-0.0105070578858
-0.0439204641793
-0.0378568780824
-0.0661104374866
-0.0185356496482
0.111619044774
-0.0293538712541
0.00795935095201
-0.00210655075978
-0.0590715640502
-0.00672431057926
0.0270856428843
-0.0269238331452
-0.00790341209559
0.0233332007372
-0.0094520731122
-0.0387430599195
0.0105141916548
0.0265915843771
0.0123831341713
-0.0127903854945
-0.0152109999265
0.00743802401897
-0.0465661825912
-0.00536042741333
-0.0053887584372
0.0216729400187
0.0406608981586
0.0317099734998
0.0312872249287
0.0324626663962
-0.00618886609348
-0.00414660989628
0.0489584243377
-0.00844295165997
-0.0190283177879
-0.00357294569893
-0.0358590063571
0.0430380235724
0.00356566235347
-0.0558370135743
0.00537888417212
-0.019255599647
-0.0130824994703
0.0165720881717
0.0510871161667
-0.000514609265569
0.0051709184768
0.00205945365486
0.0102727547285
-0.00559272987754
-0.0230055584379
-0.012560205551
-0.000527920526478
-0.00318303121219
-0.00319269956851
0.0426907558228
-0.0153513122704
0.0171478251604
0.0219762585362
0.0129974512974
0.00197508377087
-0.00590944000103
0.0198221570386
0.0
-0.00971866451793
0.00588668878557
-0.00780419684686
0.0108165488754
-0.00291938976097
-0.0365830818759
-0.00405262897141
-0.00864468801995
-0.0051258548866
0.00515226464752
-0.00461546769483
-0.025244962362
-0.0243103321744
0.00649896109508
-0.0209885013888
-0.0280384987595
0.0294107880493
0.0500018432915
-0.010466269043
-0.00158484540858
0.0360152299798
0.0316988657776
0.00296974471555
-0.0338891045182
0.0248545034818
0.0169650102186
-0.00687298579586
0.0335999616932
-0.00573919535448
-0.00384358633172
0.00868739630421
-0.00287234474201
0.00288061887248
0.000957299621405
-0.0210342133373
-0.0185544484355
0.0318426717393
-0.00674919426186
-0.0019429307629
-0.0136206461274
0.0019731352172
-0.0068882462305
-0.0089198552209
0.0259990960726
0.00390056444424
-0.0019429307629
-0.00291938976097
-0.00390437131394
0.0
0.00979439617424
-0.00678849286962
0.00683489148171
0.0155221074562
0.0210096655142
0.000935809239623
0.014021402027
0.000922006495701
-0.0340695154035
-0.0143020472995
-0.0154725420509
-0.00393121450224
-0.00296016233563
-0.013845118652
-0.0125369844781
-0.0335218084142
0.0210200901624
-0.0427171167265
0.000540092877939
0.0107474545963
-0.0223295189384
-0.000546765973015
0.0272067282415
0.00158736113058
-0.0259124195504
-0.00271319280516
0.0119765126631
-0.0193645344792
-0.0153620133173
-0.0300830338666
0.00516952708836
-0.00571698171482
-0.031033998901
-0.021942459563
0.0333500420732
0.0340385016081
0.00510739437737
-0.01862984722
-0.00517790503153
0.0161918051421
0.0233332007372
-0.0027795946757
0.00223226467019
0.000553841366972
-0.0372589039804
-0.0184901455158
0.00176943193885
0.017038890501
0.0254154710826
-0.00394332034818
0.0022638279301
-0.023136179191
-0.0069355542037
-0.00290733132139
-0.00699946283445
0.0
0.00880908448815
0.00466160361552
-0.00463997389643
-0.0163044864611
-0.017170053044
-0.0439781782009
0.0126030682361
0.0597392460601
0.0234886420035
0.010326646008
0.0119229366906
0.0123467119885
0.0332601531102
0.021994283706
0.00525182696169
-0.0391668617216
-0.0163019311316
0.0259666107536
-0.00700142567735
0.00813580050384
-0.0161407881361
-0.0109350201382
-0.0088439092263
0.0217540558872
0.0393003548991
0.0
-0.00105081706288
-0.0115677172009
0.00212896206284
-0.0138021773647
0.0538226888674
0.0357495390549
0.0019731352172
-0.0118122874939
-0.0458160480311
-0.000519930001566
0.00104526717331
0.0250363978854
-0.0167948068602
-0.0139749200999
-0.00944849457574
-0.0190777341987
0.00864322771794
0.00321543247866
0.00266828531697
0.00692314868295
-0.00528577482974
-0.0159519919306
0.0151296761055
-0.000535126146442
-0.0196991169413
0.0184670846728
-0.0112029907776
0.0124095820531
-0.00266805679674
0.00213806472039
0.00213300641144
-0.002128466379
0.00799703544894
-0.0454815150649
0.00166552396372
-0.0259953591313
0.0124939210539
-0.0185096238023
0.0
0.0468589083419
0.00163588280446
0.0147136269017
0.0145002752615
0.0179978718083
-0.0135174427057
-0.0237210303086
-0.0118799984301
-0.042079394469
0.00513414809184
-0.00170087815239
0.0238782944439
0.0
0.00221665242021
0.0171756513407
-0.00381231105941
0.000549757092962
-0.000549455026164
-0.00655887215727
-0.012108859726
0.00278423550593
0.0138933973229
-0.0164414744478
0.0172712934573
0.00273696458736
0.00382220779069
0.00272417120146
-0.0227899253482
-0.00333325744421
0.0
0.0117023032891
-0.0187264303194
-0.0335520983135
-0.0104648583132
0.0176240601504
-0.00692645810272
-0.00116336325612
0.0215337443254
-0.0763540136502
-0.0209736408472
0.00188836369181
-0.0106883633809
-0.0165311749323
-0.031025147395
0.0220162296741
-0.0137112794562
0.0
0.00926382181926
-0.0340970120105
-0.0393759990902
0.000710353400817
-0.0256202964277
0.00600349416852
-0.0179030019378
-0.0512129011996
-0.0247038844034
-0.0375185379207
-0.0452287501533
0.0483909817902
0.0175224966494
0.0612435365753
0.0288581560284
-0.0622255616293
-0.00654209729348
-0.030106842666
-0.0448113027624
0.051993067591
0.00192834746696
-0.0211937290203
-0.0234254040998
-0.0721601268331
0.0321494784147
0.0639847694727
0.0761630620818
0.0137931034483
-0.076156248663
0.025509810278
-0.0114855151547
0.0183954255084
-0.00474755706414
-0.0787046079418
-0.0327622899357
0.0197263599808
-0.0405743905161
0.0
0.0039464047219
0.015714984594
-0.0977658351923
0.0390544514582
0.0559291173926
0.0
0.0418868278859
-0.000417840991021
-0.0612761772059
-0.0230858559841
0.00704294588193
-0.0322703753339
0.0125920559076
0.0290191105878
-0.031334166564
-0.00115397895579
-0.02614462325
0.0190092757793
-0.00815855089469
-0.0446588661528
-0.0809318344523
0.057816598667
0.00910511179883
-0.0614310508047
-0.0162967648122
0.0472565159948
0.0111512486257
0.0479579445097
-0.00146294513956
-0.026227011605
0.00679026398883
-0.0134987661361
-0.0595505282041
0.0334139778964
0.0430198384295
0.0245101412799
0.00756194460972
0.033420957388
-0.0178151756173
-0.0181289293422
-0.0522506164109
0.0338447080082
0.0416670730637
-0.0200001872677
0.00705120243066
0.00964886481153
0.0138604371441
-0.0405401647929
0.00393164539843
-0.0325423859284
-0.0118893220878
0.0120323789163
-0.112293125398
0.0370371615263
0.000548837339954
-0.0104340671266
-0.000277160047925
0.05106834435
-0.0480585105278
-0.0615811400327
-0.101980605458
0.0279787809671
0.021773567989
-0.0473208046644
-0.0427620429949
0.0123708386602
-0.0492190837249
0.0128522468968
0.0327805678657
0.0156995964035
-0.0265451643083
-0.00517742242011
-0.0159610613963
-0.000705818076431
-0.0494005328597
-0.0330360270933
-0.0445298901434
-0.0421859595015
0.0226521414951
-0.0114849083143
0.0331938696918
0.0172703524826
0.0872471863885
0.106754705504
0.0144350673563
-0.0565968623012
-0.0915326809986
0.0724521111461
-0.0883178307231
-0.0331912168039
-0.0191622670064
0.0504677683966
0.00503728443744
-0.0200466334754
0.033045116795
-0.0392228217489
0.0305194542037
-0.00769279636022
-0.0228686140733
-0.0099165586406
0.00160235200696
0.00760096207541
0.0762199453275
-0.0464776902735
-0.0854922161555
-0.0266499425246
-0.143850611939
0.00253723507253
0.0805061627606
0.0880987614279
-0.0546941554449
-0.0364469957162
-0.0278964690132
0.035020571645
0.0808255531162
0.140435528989
0.0365989690938
0.0783384943817
0.0518415687537
-0.0333978992899
-0.040591277275
0.0143361782933
0.102378141111
0.0800505165402
-0.0353218049496
0.0261108285051
-0.0116989266111
-0.0053280572609
-0.0511743444954
0.00721164221474
-0.0339353469016
-0.0193361063163
0.105487958541
0.023186542126
0.0174317104716
0.121645006575
0.0160428342875
-0.0328275114549
0.0155440203355
-0.0433671217265
0.0282665872453
0.0399401132871
0.0551055233014
-0.000706405048937
0.00283691901294
-0.0643874749573
0.0360548803458
0.0294323085608
-0.052227499605
-0.0496283147654
-0.00419781750638
0.0187086725796
-0.00284519475394
-0.011673385945
0.0181096404805
-0.0177875149792
-0.0202101316962
-0.033753282886
-0.0205156775887
0.00396267075104
-0.0301659526534
0.0494183387902
-0.10969493357
-0.0164903067292
0.0199305540868
-0.028226017948
-0.0287270403969
-0.0496223111071
0.0
0.00276724667794
-0.00827611832015
-0.0142564130613
-0.0529093042805
-0.044320631796
0.0568972493149
-0.0442477491129
-0.0354936937019
-0.0112000931244
-0.0529932913239
0.0328921949073
0.0463196380302
-0.0296453808107
0.0753572996127
0.0162875814267
0.0
-0.0518070540848
-0.0357707088289
0.00448411082503
0.0633112815315
-0.0427484490929
-0.069377476507
0.0407027487877
-0.0119387036452
0.0133332022462
-0.0740130461921
-0.0390764292837
-0.052679593654
0.0282917883219
0.0346305244109
0.0554785220874
-0.076021463678
0.00846428195045
-0.0195805580459
-0.0394682464437
-0.0148504924531
0.0125626204239
-0.0173698529613
0.0207058047755
0.0653153196979
0.0427308743993
-0.00178150076988
-0.0392682284812
-0.0524847800713
-0.0588234160146
-0.0401044600338
0.0179048106776
0.0250547128519
-0.03432190565
0.00592327484885
0.0588860678481
0.0308386334853
0.0622854321445
-0.0706364451739
-0.0526575928013
0.00472037598032
-0.034968637625
0.0611139351427
0.0219159960313
0.00448769121232
-0.0615687124483
-0.0423286918743
-0.00552304927942
-0.00277904616669
0.0022281181056
-0.0138964184534
0.0276214312158
-0.00164596092407
-0.03241601051
-0.0278252946667
0.00467227462133
-0.0854657862487
0.040051201536
-0.0415641045365
0.00892863860834
0.09039045235
0.0
0.065507171045
-0.018497003464
0.0177381803596
-0.0800659719619
0.0597995273409
0.000558035714286
0.00725920135611
0.00443400010464
0.00386316579926
-0.0192414959074
0.00280397317709
0.00391282747948
0.0
0.0228271008597
0.175830998097
0.050925529765
0.0722475156958
-0.0217763968933
0.0142803109758
-0.00206971234092
-0.00995881362349
0.019697686416
-0.0797369203714
-0.060294270042
0.0646376817012
-0.0040168891932
0.0129982531504
0.0530972835364
0.108403076694
0.0583780560525
-0.0150431010198
0.022181386569
-0.0334391451487
-0.00478513914681
-0.0199699527184
-0.0298121842779
-0.0346165200539
-0.0531822186167
0.0417007632617
-0.0212406383437
0.00542457785131
-0.0415104257643
0.00606327951889
-0.0288420029761
0.030585848162
-0.0120430980531
0.0039172045404
0.00476996067383
0.0340968303136
-0.0217032353791
-0.0298637174288
-0.0382591341672
0.0406963989657
-0.00615118790497
0.0181244458353
0.0243163170342
0.047054704887
-0.0635634575795
-0.0185902427579
0.0330391667706
-0.0132199666273
0.00605018252517
-0.0163217179191
-0.00131029863818
-0.0686496534244
-0.000937920033086
0.0366538782812
-0.0172261342366
0.0193728493507
-0.0149314817418
-0.0248059886989
-0.0183701217389
-0.0321497111866
0.0505702977247
-0.0514395158372
0.00796110426327
-0.0266548131814
0.0380339298071
-0.0151445000086
-0.0104167479459
0.00952303980319
0.00248375891136
-0.00247760513752
-0.0218461436323
0.0233501484213
0.00644902035752
-0.00197308999849
0.0686431395701
-0.0170988787323
-0.0244462070661
-0.0110852306217
-0.0584794649188
0.0331259821363
0.0160319180376
0.00295915933502
0.00147521427342
0.0608734767634
0.0300778697997
0.000450502177427
-0.0017958996274
-0.0175437355048
0.0
0.0
0.0265559388933
0.00669000743724
0.0
0.0354458302406
0.00556321212397
0.123403735481
0.0689399367504
-0.0124026427384
0.0487971451511
0.0143689179317
0.00472179226501
-0.0157766685896
0.0231919630881
-0.0226662873877
0.0180763452975
-0.0103855279782
-0.0605960961401
-0.0843238095508
-0.0818575065582
0.113587326631
0.006543763595
0.0229445132882
-0.0945797541638
0.0181676476558
-0.0592060778485
-0.0482762595391
0.0321573474775
0.0114078545261
0.0407814728624
0.0137551288713
0.00575662416036
-0.0126740817199
-0.0124215308706
-0.0109024893358
-0.0250110443357
0.0217405429066
-0.0127667692493
-0.0435333882544
0.020729952362
-0.00176750533464
-0.0583805125797
-0.0211371150969
0.0124771902545
-0.0227495112191
-0.0324927097856
0.0200494385921
-0.0245696827044
0.0730476094248
-0.00938843182725
0.0132702375783
-0.0308704537219
-0.00579263432003
0.0223300192431
0.00142478072755
-0.0502606827726
-0.0189719828009
0.0274823032139
-0.00594469408783
0.0174391149551
-0.025954892373
-0.0281550902584
-0.0429373588591
0.0
0.0
-0.0281086251794
-0.0278082773041
-0.0286036968377
0.0111887237305
-0.0349446295851
-0.000602827116778
0.147342398609
0.0189469283167
-0.0237602403447
0.010582693156
0.0130888111975
0.00206690933036
0.00928292120976
0.0137973164963
-0.0020158612802
0.0277765640082
-0.00245619527429
-0.00541848445164
0.00742891980701
0.0688304431636
-0.0160994766766
0.0
-0.0112205444621
-0.00945687138581
0.0152743259174
0.0573585449866
-0.0111158906352
-0.0139392106831
-0.0200629792484
-0.0260588226682
0.0124216483533
0.093913259729
-0.00949222129854
0.0148089785641
0.0180258945013
-0.00295111918708
0.0177591244153
-0.036975072746
-0.0120794666033
0.0235802235922
-0.000426145181288
0.0115225743428
0.0147680585147
0.0112271728324
0.0242602899657
0.0437576272337
-0.0807698241517
-0.00543984414336
-0.0466967334622
-0.0163292011378
-0.0462087022184
-0.00846640905501
-0.0104359830606
0.0100671900097
0.00569454398853
-0.0188761884612
-0.0375177809388
-0.0199912739622
-0.00713927604532
-0.0380072310085
0.0886277408125
-0.0186350977079
-0.0254882847047
0.0364099844107
-0.00544261899527
-0.0154232943985
0.0207182841938
0.0638621793312
-0.00558507912805
0.00795540702682
-0.00417726349075
-0.0209794312471
0.0180956411659
0.0140308538992
0.00276806817502
0.0165589448873
-0.0144794979065
-0.00551071628478
0.00138531313887
0.0142926817771
0.00136390287152
-0.00226888521155
-0.0464058999921
-0.00763444713582
-0.0124992909947
-0.00584339621558
-0.00391721088422
-0.011799780748
0.0174130813328
0.0180938828099
-0.0240168939913
0.0137796494705
0.014564052048
0.0765542766717
0.0275562888674
0.0
0.0164363569562
-0.00085178733096
-0.0438667600133
0.0267260149912
0.00477202776204
-0.0133854965267
-0.0336983123307
-0.00860438358702
0.00731010173779
0.0126967197911
-0.021047348168
0.00960666637883
-0.0258266156335
0.00511605787346
0.000462232510232
-0.0282140784814
-0.0480729995321
0.0370000412925
-0.00530353594345
0.010663626815
-0.00575463851024
0.00337677612733
0.00721105670152
-0.000953589475976
-0.0105107700633
0.0164159492008
-0.00475090001812
-0.00429490693117
-0.00479416932486
-0.0105968444363
-0.00194716053448
0.0141458941609
0.00625170243031
0.00143431567352
0.0377099586277
0.0625564160032
0.017317137531
0.0144669970062
-0.0146813326031
-0.0102157666345
0.0270952791732
-0.00544275718057
0.020631735119
-0.00164994548853
-0.0392562487101
-0.0120430980531
0.0130596312212
-0.0648907080738
0.00413683919461
-0.0279170641277
0.0207147208197
0.0202961433881
-0.0122067430433
0.0663612965929
-0.033476178983
0.0119899344622
0.00921290807972
-0.00434639874703
-0.0349350002576
0.00542914441595
0.0112509689957
-0.00979041785167
-0.0112357961826
0.0204549679671
-0.025836140467
0.0050313063055
-0.0113755913232
-0.00690244282048
0.0046342192352
-0.0244464317134
-0.0751771071568
-0.0593048761608
0.000542871920698
0.0146666780594
-0.0107073233376
-0.00865686633356
-0.0529486012605
-0.03169893604
-0.0297637857944
0.0490805390825
0.00935778761571
-0.011588219479
0.0
-0.0328255818242
0.00424245891012
-0.0488835831664
-0.0196705685076
0.0453078387652
0.0495363651417
0.0430685063722
0.0
0.0
-0.0214936806844
0.0138732607277
0.0
0.000569488850126
0.0068366990239
0.0215058788967
0.0277004326967
0.00592966656491
-0.0133974579182
-0.0168391236735
0.00165778387104
0.02647630451
0.00429819408227
0.0048163516084
-0.00159775518538
-0.0373336241721
0.00498712367805
0.00055065243642
-0.00991712258274
-0.0428495146056
-0.0331391414095
0.00120130346155
0.00720862011139
0.00715468278796
-0.0201287588624
0.018125653455
0.0272995883006
0.0543046357616
-0.0115069343286
0.0227258854921
0.00921447800611
-0.00161148611545
-0.0102197316342
-0.00760875605388
-0.01588122036
-0.00667909696508
0.00728360681742
0.00389324631126
0.0
0.00443154633515
-0.00386103736096
0.0265789267392
-0.00809007258581
-0.0331716663673
0.0376828070672
0.192412709713
-0.017727162224
-0.0161963359884
0.0112891619975
0.0255821184906
0.0136045200965
0.0156600812213
0.0202642301775
0.0341098381617
0.027140814011
-0.0203249043224
-0.0116183439291
-0.0214114484963
0.0154436636946
-0.00718072601427
0.0182975298167
0.0112834654339
0.0442142656334
0.0486744737968
0.064527522364
-0.0138248012781
0.0226457662171
-0.00386626617107
-0.0225827042629
-0.0404335246165
-0.018059258514
-0.0429107401157
0.0608484558431
-0.0532075292497
-0.104025404468
0.0275790283925
0.0281394972719
0.0
0.0218951391235
0.0313134472014
-0.00199694566297
-0.0092081089293
0.000808768383989
0.00928458818692
-0.0403989875871
0.0
-0.00125076431043
0.0317185981775
-0.0109212856095
-0.063394689605
0.022706118734
-0.0200677713372
0.0518522707216
-0.00704254033211
-0.0241961681197
-0.0645577281975
-0.00502720297354
-0.00229778747634
0.0128914510849
-0.0245448890287
-0.0260952586894
0.0593297996248
0.0654920921376
0.00932558701686
-0.0256190034173
0.0715515867769
0.00683857761382
0.00559333324954
-0.00317796610169
0.00159404888417
-0.01949875981
0.200213867897
0.199134308511
-0.200811977612
-0.00677705514475
0.0363853290732
0.213383983058
0.158233170874
-0.0460620593737
-0.14566306831
0.0459771061905
-0.0119046681377
-0.133457154668
-0.197860048991
-0.00333393404217
-0.0167221441428
-0.0374150342204
0.0855121821602
-0.01106810935
0.0131673248442
-0.0558809440169
-0.0653819613574
0.0294549823925
-0.0429191942807
0.00224256015516
-0.0268450103356
0.0268191225127
0.0223884565939
-0.0328472848792
-0.00377241610825
-0.016667814716
0.00924667259888
-0.00458097750031
0.0651845346681
0.00144014465138
-0.0186914236752
0.00439459542177
0.00656394740238
-0.0217377367966
-0.00962954468091
-0.0112193301854
-0.045386527176
-0.0594285558505
-0.0362260932214
-0.0830419054657
-0.01811341264
0.0475742841192
-0.0120480830111
-0.0206393043542
0.0
0.0
0.00957792628127
0.0
0.00759151317323
0.0282490582105
0.057691442151
0.0121212765957
-0.00342234657776
-0.0326176147354
0.00976001186203
-0.0114234627992
0.010666416189
0.0466137137299
-0.00924331222818
-0.0144195295206
-0.0456108516902
0.018035326105
-0.0132863175308
0.0287260983508
-0.0375221405933
-0.0299193476517
0.00654324305082
-0.020428512755
0.00284411854454
-0.0321349598632
-0.0185556272844
0.0248752326016
-0.0242714740393
0.0268656424451
-0.0251935953975
0.0377728596275
-0.0105359542971
-0.0508237085321
0.0249880323115
-0.00398081968696
0.000999182487056
0.0119757688723
0.00197274509661
-0.0186993423424
0.0110326196803
-0.0386901424246
-0.076368459494
-0.0871501569197
0.0422277634235
-0.0187908732518
0.0502695691306
0.0415959538252
-0.0114886901065
0.10680578146
-0.21499977883
0.014012152631
-0.0822844405751
-0.0705005718899
-0.104566363738
0.0148053239347
0.0534822402957
0.0630770277729
-0.0361788993762
0.00150177297768
-0.00149952103751
0.0195193588499
-0.0648020470281
0.0370088003777
0.0205029836431
0.0305059333346
-0.010110114728
-0.0167773205042
-0.0215118059708
0.0219847373755
-0.000740151968148
-0.00594019666867
-0.0149355630843
-0.0159221665772
-0.023112894981
0.00473272323453
-0.0172677190871
-0.0455255637209
0.013387403913
-0.018993969009
-0.0218853686588
0.000862856562785
0.00515577192893
-0.0230945814133
-0.0814357341137
0.038129061579
-0.0284649164376
-0.017011669392
-0.0417340100755
-0.0688313417599
0.0131452116898
0.0
0.0
-0.00808171629307
0.00793148880105
0.0
0.0242555750176
0.00228695110621
-0.0387589002862
-0.00150477926372
0.123944005773
-0.0862633082316
-0.0260729380884
0.000864776537499
-0.00625493636397
0.00607560636045
-0.00991994061821
0.0699478951906
0.014254182912
0.033136112194
-0.0530606981143
0.0010239338226
-0.00738191456127
-0.049783494845
-0.056521321039
-0.0783382218045
0.0287459068262
0.0187160346372
0.0181259672654
-0.0156958935028
0.0295174027493
-0.00393190754335
0.00951489983115
-0.0131037678277
0.130006355459
-0.0078334405829
0.0546541853707
0.0482773648403
0.0469917084325
0.0673261036451
0.0412081779777
-0.0145382651745
-0.0270480410918
0.021059082195
0.0165046614517
-0.00892817961678
-0.0990987364599
0.0254501586167
0.00177337411658
0.0442515212276
0.0160983310217
-0.0275218075687
0.0300162705806
0.00749307371531
-0.0289248141679
-0.010210441337
-0.0111778825836
-0.00609018603916
0.0192511115507
0.0128757356509
-0.00254491080317
0.0552247406838
-0.0104669154455
-0.00813417794414
-0.0090233930861
0.0115874100837
0.011454680009
0.00485525687927
-0.00241392000823
0.0
0.0161409967036
-0.00397017489069
-0.00638073550911
-0.0064217107469
-0.0234232016738
0.012407159728
0.00817141090351
-0.0218819949497
-0.0455655998045
0.0138871112249
-0.0205474552379
0.00786640430998
-0.015610013939
0.00616634405948
0.0061285532913
-0.0104414853344
-0.0395784523079
0.0128183201159
0.0
0.00361729547171
0.0459476452773
0.0137794692259
0.0195426681588
-0.0133357361687
0.0152054794521
-0.0582385724742
-0.00971691559569
0.0107066756693
-0.0361871215145
-0.0384639619771
-0.0142859817634
-0.0652138813965
-0.0304951460749
0.0074666750503
-0.0742329916317
0.0404494382022
-0.0129589632829
0.00929978118162
-0.00271002710027
-0.0190217391304
0.012188365651
0.00875752599891
-0.0330982094411
-0.0129068462402
0.0346787947698
-0.00714285714286
0.0265633646929
-0.032884097035
-0.041248606466
0.0377906976744
0.047619047619
-0.0219251336898
0.0103881902679
0.0508658008658
0.00720906282183
-0.0204498977505
0.0125260960334
0.0164948453608
-0.102434077079
-0.0135593220339
0.0320733104238
-0.0294117647059
-0.120640365923
-0.0747724317295
0.0576247364722
0.0578073089701
0.0816582914573
-0.0145180023229
0.0212139068945
0.0236583958454
0.0202931228861
0.00883977900552
0.0240963855422
-0.00641711229947
0.0037674919268
0.00857908847185
-0.0180754917597
-0.0308608554413
0.0279329608939
-0.0369565217391
0.00169300225734
0.0174647887324
-0.0121816168328
-0.0229820627803
0.0281124497992
0.0106026785714
0.0877967973495
0.0121827411168
0.00601805416249
-0.0478564307079
0.0272251308901
-0.0112130479103
0.00773195876289
-0.00716112531969
-0.00412158681092
-0.028453181583
-0.0356762513312
-0.0706791827719
0.0540701128936
-0.00620067643743
0.0646625070902
0.00372935535429
-0.00583864118896
-0.0427122263748
0.00836586726157
0.0475663716814
-0.0480464625132
0.0488075429839
0.00740349021682
-0.0320209973753
-0.0178958785249
-0.0270568746549
0.0175936435868
-0.0273284997211
-0.0149082568807
-0.0261932479627
0.0197250448296
-0.0498241500586
-0.0857495373226
0.0445344129555
0.0303617571059
-0.0526645768025
0.0191925876903
0.0337662337662
-0.0144472361809
0.044614404079
0.0372178157413
0.0111764705882
-0.00407213496219
0.0157710280374
-0.0103507763082
-0.0371876815805
-0.0181050090525
0.00307314074985
0.00857843137255
-0.00303766707169
0.0176721511274
-0.025748502994
-0.000614628149969
0.0332103321033
-0.00357142857143
0.00537634408602
-0.010101010101
0.0426170468187
-0.0345423143351
-0.00298151460942
0.00897129186603
-0.0272673384707
-0.0127970749543
-0.0222222222222
0.0290404040404
-0.0319018404908
-0.0183776932826
-0.00193673337637
-0.0316946959897
-0.00534402137609
-0.0114170584285
-0.0054347826087
-0.00204918032787
-0.00205338809035
-0.00548696844993
0.0227586206897
-0.0262980445044
0.0131578947368
0.0184552289815
-0.00268456375839
-0.00269179004038
-0.0148448043185
-0.0260273972603
-0.0267229254571
-0.0281791907514
-0.0557620817844
-0.0110236220472
-0.00636942675159
-0.0352564102564
-0.0415282392027
0.0632582322357
-0.0138549307253
-0.00826446280992
0.00833333333333
-0.00826446280992
0.00583333333333
0.03314001657
0.0
0.00400962309543
-0.00319488817891
-0.0128205128205
0.0
-0.0511363636364
-0.027373823781
-0.0360598065084
-0.0328467153285
-0.0160377358491
-0.112655800575
0.00270124257158
0.0188577586207
0.0179799048123
-0.067012987013
-0.27004454343
-0.221967963387
0.43137254902
0.027397260274
-0.0333333333333
-0.0303448275862
0.0113798008535
-0.0787623066104
0.012213740458
-0.0384615384615
-0.0823529411765
-0.0666666666667
0.043956043956
0.0350877192982
-0.119491525424
-0.0307988450433
0.0675273088381
-0.0987906976744
-0.0520231213873
0.223867595819
0.0231316725979
-0.100869565217
-0.00967117988395
0.0458984375
0.0196078431373
-0.0567765567766
0.00582524271845
-0.00675675675676
-0.044120505345
0.0502236681578
0.0338818973863
0.059925093633
-0.00971731448763
-0.0472792149866
-0.00374531835206
-0.00375939849624
0.0
0.0867924528302
0.102430555556
-0.059842519685
0.000837520938024
-0.0410041841004
0.0392670157068
0.03946263644
-0.0234248788368
-0.0140612076096
-0.0520134228188
0.0
-0.0477876106195
-0.0241635687732
-0.0419047619048
-0.00755467196819
-0.0378605769231
-0.0381011867583
0.0270562770563
-0.0809272918862
0.0788809905985
0.0977683315622
0.0116166505324
0.117703349282
0.00856164383562
0.0195246179966
0.082431307244
-0.0230769230769
0.0614173228346
0.026706231454
-0.014450867052
-0.0293255131965
0.0574018126888
0.00785714285714
0.024805102764
-0.0228215767635
-0.0552016985138
-0.0756554307116
-0.0137763371151
0.0402629416598
0.0236966824645
-0.0756172839506
-0.0317195325543
-0.0241379310345
-0.0220848056537
0.0135501355014
-0.00445632798574
-0.00626678603402
0.0198198198198
-0.0114840989399
0.00714924039321
-0.0124223602484
0.105121293801
0.00975609756098
0.00966183574879
0.00398724082935
-0.010325655282
-0.0385232744783
0.0208681135225
-0.0466067048242
0.00257289879931
0.0521813515825
-0.019512195122
-0.0199004975124
-0.0651438240271
-0.0914027149321
-0.0278884462151
0.0209016393443
-0.0335206744279
0.0643821391485
0.0517073170732
-0.0148423005566
-0.015065913371
0.0391969407266
-0.164305427783
-0.133421400264
0.0167682926829
-0.0287356321839
-0.0244404425006
0.00870253164557
-0.306666666667
0.0607088989442
-0.057945254177
0.0547169811321
0.0694096601073
0.0371361659418
0.0538709677419
0.0425466789103
-0.000880798590722
-0.0182192183368
-0.0329242741694
-0.0188796038378
0.017665615142
-0.0328580285183
-0.0842948717949
-0.0122506125306
0.0265768958186
0.0010355540214
0.0627586206897
0.00584036340039
-0.160967741935
0.0
-0.00422914263745
-0.0158301158301
-0.0466849744998
0.0127572016461
0.00487606663958
0.00242620299232
0.0125050423558
