4233,1
JPM
-0.0219415619148
-0.00617294463003
0.0141970809443
0.0183727048661
-0.0171820347816
-0.0236014030767
0.00626657336613
0.0151247894948
0.0359332567358
-0.0389171747111
0.0440142966524
-0.000843265640289
-0.0151898888897
0.000857028906999
0.0222601472639
0.0510888904754
0.0286852538133
-0.0495740603775
0.0521598351969
0.0379548889992
-0.0164177316641
0.00986322333605
-0.0172801458843
0.00535177318577
0.0349808207747
-0.0257163018389
0.00301666395031
-0.00601521187243
-0.0431164934497
0.0252966483198
-0.0192753547705
-0.0141509268132
-0.0462521139643
0.033444931255
0.00161801790933
-0.0177704047026
-0.00164492279466
0.0271828480828
0.0216519734699
0.0298275252275
-0.0175306900262
0.00698217995691
0.0285054803843
-0.019475576537
-0.0343773743619
0.0268985504379
-0.0300462430009
0.0174742788871
-0.0132707774343
0.0522151757549
0.0842103477867
0.00970890412557
-0.0487638954604
0.0628158827436
-0.0047552742793
0.0757679225325
-0.0234772256014
-0.0155945577498
-0.00462054082429
-0.0411139640697
-0.0373444087877
0.00215516040475
0.0609319863737
-0.0572702829974
-0.00432277515324
0.0123011799871
-0.0121516997415
0.0202605894147
-0.0241135768018
0.00944777917278
-0.0266379762418
-0.0665680354916
-0.00316939126338
0.023847388779
-0.0310560177579
-0.00881399334336
-0.0331448923617
0.0443146019187
-0.0208168483233
-0.0335240269701
-0.0236887748687
0.0225305452126
0.0322032810325
-0.0246305565205
-0.0134681056311
-0.0145050143245
-0.00259740755527
-0.0156249957282
-0.029982455281
0.0181820335704
0.0232141515773
0.0418848286246
-0.00502513523808
-0.00336710925417
0.0152027335381
-0.0349417680324
-0.00431025164312
0.012987003691
-0.0205128262072
-0.019197313316
0.00355883116702
0.0425532033706
0.0161565603678
0.0326359765093
0.0461912362624
-0.0162664288815
-0.0299214686335
-0.00162328402639
-0.00487802614139
-0.0416666814085
-0.0057544615402
-0.00836015293078
0.0389105125918
-0.0249687713421
-0.0691421223391
0.0316368335325
0.0226666927958
-0.0195567345035
-0.0132978629654
0.0107816563811
0.0146666773983
0.00788437777223
-0.0185787985441
0.012288198412
-0.0328084094368
0.0397879301808
0.00394214992677
0.00523560602365
0.0429687481441
-0.00624216938643
0.0188442019369
-0.00246609306821
0.00370828457721
0.0344827519798
-0.00892854704954
-0.0210210361576
-0.00490797907009
0.0123304653411
0.027710193347
-0.0222222984175
-0.00606061046434
-0.0365853608146
0.0101265566369
-0.0300751779015
0.0297157842879
0.0363864426605
-0.00363196389493
-0.0230862865605
0.0435323383488
0.0214541280334
-0.00116686199521
-0.0221962779022
-0.00836317702265
0.00240964029455
0.0144230559887
-0.0177724941394
-0.0277442902672
0.00620347855921
0.00123304653411
0.00369458400831
0.0355828162785
0.0296208441529
-0.0195627004412
-0.0223004858561
0.0120048109355
-0.0154210955906
0.0265060118384
0.049295780249
0.00782998333546
0.0144283943817
-0.0196936403523
0.0223214157153
0.00982533477961
-0.00540540936537
-0.0815217425177
-0.040236685332
-0.0135635118752
-0.0174999805339
-0.0521628547665
0.00671141432667
-0.0080000058382
-0.0403225752774
0.0588235358535
-0.00529100912161
-0.0199468230286
-0.0122116779971
0.0302198029399
-0.01466667737
0.0284168004782
-0.0157894850554
-0.0186840468231
-0.0246913461888
-0.0351617368539
-0.0189504635
-0.0297176765344
-0.00306279448156
-0.0706604934445
0.0495867662516
-0.00314961381002
-0.0410742251858
-0.0280065921042
0.0559321823457
-0.0144462416679
0.0
0.0439739416427
-0.00156004595981
0.0
0.0671875187692
0.0248901545464
0.0400000221871
0.00412087115978
-0.00410395927237
-0.0233516506472
0.0239099883419
-0.0123626490357
-0.030598054103
0.0129124944275
-0.0297450583842
-0.0160583760112
0.0103857622037
-0.0425844407946
0.0030674919695
-0.0305810332193
-0.0268138823801
0.00324145681635
-0.032310171761
0.0450751252808
0.00638979168237
-0.0349206359641
-0.00164471947639
-0.0280065921042
0.0118643690787
0.0167504590686
0.0889621060618
-0.0302572186067
-0.0218408453485
0.0207336396048
0.0624999873608
0.0117647340961
0.0348836907439
-0.036516832487
0.0247813434181
0.0327169131026
-0.0123967060014
-0.0292886829898
0.0387931028071
0.00968188620115
0.00273969707738
0.0136612350358
0.0121293564992
-0.0319573977651
-0.0316368508454
0.158997272331
0.0271604794924
-0.0588942299897
0.00638569126272
-0.0114213243491
0.0462131123417
0.0625766902115
-0.0150115596793
-0.00234467015843
-0.003525255737
-0.0294811402229
-0.0170109354497
0.00618046512195
0.0159705294278
0.0302297544112
-0.00352114821275
0.0212014219836
0.0172087598823
0.0156023134417
-0.0176848476541
0.0156391686385
-0.021665183266
-0.000732068122722
-0.0424908221483
0.000956439574885
-0.0124212199252
0.00522446896815
0.0115495321674
-0.0268315871483
0.000977697492884
-0.00156275040557
0.0172177890528
-0.0392383254706
-0.0520521193836
0.0200633749139
-0.0258798983555
0.0318809675263
-0.0195674722428
-0.0197478641433
-0.0117874058052
-0.00672306998961
0.0209606993331
0.0256629519793
0.047748147211
-0.000198958035196
-0.0256767677543
-0.070684364569
0.0419872655217
-0.0770042810632
0.0345142580247
-0.0150242028351
0.0127859761934
-0.0566999236319
-0.0561164212345
-0.0320895726617
0.0719608836188
0.00959007493088
0.0296841759199
-0.0186808496595
0.010575789858
0.0441860825586
-0.00668158370517
-0.0672645554208
-0.0186620711078
0.0496418742059
-0.0496470931733
0.000742745004593
0.071251860509
0.0332564267903
0.0140812876436
0.00286536090023
-0.00285717406538
0.0822129172542
-0.0061099691937
-0.0204918115729
-0.0104602553685
0.00211423987705
0.00168772262028
0.0214827190279
0.02783501982
-0.0375125260747
0.0156315361862
0.0172378308955
-0.0114988802801
0.0326530154471
-0.0276679269522
-0.0294715525463
-0.0104712082056
0.00550260448386
-0.0225215686327
0.0258398179214
-0.00755667539987
0.0217851409094
-0.00248401276394
-0.000622491765917
0.0263704399222
0.0119360750062
-0.0219912498291
0.00858548956922
-0.0129712275124
0.0129363780071
-0.0143929216859
0.0109009226423
-0.00528998636797
0.0124770078927
-0.0202020280033
-0.0342268018484
-0.0258325848807
-0.0313390584909
-0.000452504717765
-0.0156178672598
0.00942742187621
-0.00706153578425
0.0300528064634
-0.0131403158495
0.00473932456653
0.0242587249066
0.0333333275113
-0.0258912790546
-0.00174294638209
-0.0248799773417
-0.0147716986386
0.0222626004907
-0.0117777349302
0.029907751035
0.00417946843133
-0.00262873977527
-0.0224028329562
-0.0116827000492
-0.0450102857455
0.000952157393548
0.0116528421402
0.000235045761633
-0.0317273628299
0.0266990202774
0.0302601088713
0.00275352923822
-0.00686499269802
-0.0089862315745
-0.00767259525355
0.005154674502
0.00792541505593
0.0224328675331
-0.00904768492021
-0.0116412425871
0.00461898942298
0.0
-0.00413796266892
-0.0129270604434
0.000233910413421
-0.0161327910069
-0.00427756157536
0.00835316400369
-0.00307694253656
0.00308643933303
-0.0023668155441
0.000711699186027
-0.0165955411162
-0.0094021046788
-0.0165490541845
0.0195496315844
-0.0116504466882
0.0051571195939
0.00415341731565
-0.0148417921743
-0.0227216940407
-0.00833960856763
0.0040774448179
0.0109137310262
-0.0371580013146
-0.0367666314744
0.00162428233827
0.00702698605021
-0.0539451852971
-0.0116312099874
-0.0209529167147
-0.0747581818785
-0.0234473540574
0.057105807596
0.020564720834
-0.0198496176246
0.0162626254148
0.0310991243204
-0.00439243533668
0.029117683714
0.00057712913861
-0.0147101108833
-0.0219554916918
-0.0290332400955
0.0157213657756
0.0133535292923
0.000898455238454
-0.0158587265794
0.0200668823082
0.0116244030327
0.0194460750947
-0.0132947372903
-0.00790864198595
0.0425155572345
0.0127441954966
0.0128636073803
0.0347873844911
0.00186764052839
-0.0490013571204
-0.0056006808719
-0.00422408069035
0.0277149116148
-0.00825533542247
0.00887901043327
0.0324532336708
0.0279701656794
0.00544180006154
0.00644330884954
-0.00640205840993
0.0141752391151
0.00762393980364
-0.00252211136921
-0.00353982055645
0.0175082259517
-0.017456269229
-0.0142132268159
0.0141606400376
0.00253875901434
0.00785002884055
-0.0577889153669
0.0149333641302
-0.00893326819736
-0.0310180900116
0.0183310987564
0.0483610844757
0.0348539415509
-0.0151065186085
-0.0274075880704
-0.00465355858874
-0.00337665285854
-0.033359389416
-0.0283094762229
0.0183129780255
0.0133514247155
0.0217800909312
-0.0389473701126
-0.0210843438062
0.00811193558383
0.00749166098017
0.000275372140481
0.0063325915938
-0.00547196466304
0.0094418577685
0.0266850475763
0.0450160891979
-0.0025640653421
-0.00771216938981
0.00284973989162
0.0111082804304
-0.0204394290797
-0.0268648669883
0.0150092871874
-0.0359123448883
0.00931255253929
-0.025508786916
-0.00417717839866
-0.000279594644153
0.00419587355438
-0.0253482091886
-0.0194341074388
-0.0658700896597
0.0315133368766
0.0299454933384
-0.0555065782698
-0.0497512932112
-0.0503926010327
0.0144727807838
0.0213994087747
0.0349185331374
0.023136260112
-0.0109924975932
-0.0393775517628
-0.00132234613709
-0.00529628551987
-0.0339433499806
0.0130898770474
-0.00918057590298
-0.0326011892374
0.0287335612479
-0.00137934383797
0.0
0.0100138280228
0.0140171032087
0.0957518792805
0.00030764011776
0.0473700708509
0.0
0.020264388059
0.0449049354553
-0.00137739051604
-0.0242758950368
-0.00735079978752
0.0256336592574
-0.0186059319564
0.0212224107168
-0.0249376814758
-0.0113667894063
0.0117850027368
-0.0071023016449
0.00572251075242
0.0099572690023
0.00422537820515
-0.00112204683898
-0.00842456475057
0.00114374508449
-0.0162810529283
0.0121951850491
0.00344232691199
0.0060033734722
-0.00426250314247
-0.0450913834549
0.0245068913322
0.0035006590931
0.028488367965
0.0534199789689
-0.000268362755553
0.0134192247714
-0.0307203385521
0.0
-0.0193989032048
-0.0239621178016
-0.00114178614083
-0.0185768032499
0.0221315810534
0.0113960537895
0.0211267517262
-0.0157241280997
-0.0358743819284
0.00668600817795
0.0658388691479
-0.0308859600699
-0.019289841231
0.0359178651389
0.0343973568056
-0.0167598212834
0.0235390229779
0.00713711303652
-0.01679787387
0.0016017225889
0.00106613474568
0.0215654181145
-0.014855346763
-0.0158729526569
-0.00618280164887
-0.0259670615466
-0.00166613321566
-0.0358832073946
-0.000288482624828
0.0014430066888
-0.0291066984864
0.0
0.00563971304203
-0.0280401532125
0.00728811109064
-0.0153752668814
0.0104102694666
0.0751514935974
-0.0129650207378
-0.0117075596357
-0.0355388841072
-0.0116836303678
0.0057592861009
-0.00753464083346
-0.0437291330337
0.039060045265
0.0366747154975
-0.0754716271913
0.00676979256767
-0.00896566176359
0.0529886431516
-0.00951216890982
-0.0312886832014
-0.0358170629295
0.013930329955
-0.0117762714698
-0.00430317782495
-0.0525265871464
-0.0126316003859
-0.0334043529632
-0.0404412282268
-0.0605363892328
-0.181076692121
0.160358561818
-0.0407724598372
-0.0044743219052
0.12808993015
-0.00836661343183
0.00281238106994
0.00240392137239
-0.0467625921126
-0.0628930701408
0.0581655049035
0.0164904875348
0.0973377145902
-0.00113714556074
-0.0337761843537
-0.0416339063773
0.0303278419519
-0.0139219486497
0.00282372567028
0.0945292996307
-0.0246232698626
0.012810831914
-0.00706842838562
-0.0367178991439
0.0303383926281
0.00981500632665
-0.0175700371427
0.0121765548414
-0.00751882233317
-0.0624999964027
0.025858575341
-0.050807376865
-0.00788385347818
-0.0133835163296
-0.0186519960219
-0.00734340161113
-0.0422105936146
0.00136305940561
-0.0149728303846
-0.00736987273185
-0.0515081090343
-0.0278864763703
0.0156014120075
-0.0460852411873
-0.0316883278443
0.013412001511
0.0201164759587
-0.0482615565116
0.0354416332748
0.039494506168
-0.059278373132
-0.0345205142732
-0.0612939463988
0.0139056155599
-0.0101371552475
-0.0692771363428
0.0323624273285
0.0777430552435
-0.0180338724968
0.102488270366
-0.0171950610349
0.0273373962
0.0095794514706
0.0685293631202
-0.0177603238135
-0.00703160245907
-0.00354069801037
0.0340101303513
0.0432007793147
-0.0371765493614
0.0288367903878
-0.0142517108679
0.0371084367524
0.0227695248223
0.0208994903563
-0.0182465428233
-0.0661830622705
-0.0194174989536
0.0108910691267
0.00587662080044
0.0199610412356
0.0463006958822
0.00775547895907
-0.00905391551594
0.00274105957848
0.0806377687347
0.0493254257628
0.0040176979098
-0.00160058848592
-0.030460892697
0.0413393523971
-0.000793969789666
0.00198647203172
-0.0241871253254
0.00365709840501
-0.0441295591597
0.0347310266642
-0.0478919578624
0.0382630770888
-0.00248442258137
0.00249061030987
-0.0219461244263
0.0499575932435
0.00887101207745
-0.0407674089919
-0.0279166500742
0.0660095013351
-0.00643354548912
-0.0206393690591
0.0103305986566
-0.0265849672464
0.00798326472196
0.000416811289063
0.0752325231216
0.0196540969216
0.0786429550172
-0.00500353441669
-0.0384339312188
0.0197982858493
-0.00769227367769
0.00701364503688
0.0113636038619
-0.01848493014
-0.0110782917378
-0.0220313606154
-0.0294005538932
-0.0283241448228
0.0174088496212
-0.0525268063132
-0.0218395488744
0.00944609328674
-0.000425369905251
-0.0195744027205
0.0130207750946
0.0102827940236
-0.0224767420031
-0.00477212828759
-0.0274630165596
-0.0147915742024
0.00545955160989
-0.00452488898777
-0.0222727176306
-0.0102277783363
0.0263034264688
0.0297482630929
0.0
0.00844442868315
0.00837371742355
-0.025349688483
0.0112108012609
-0.00931259744145
0.0143240624229
0.000882586958853
0.00749560101769
-0.0196936959968
0.0183036007687
-0.0355107133722
0.0131818711982
-0.0381337411288
-0.0321828302483
0.0
0.0467469456566
-0.0211786342674
0.0611476564428
0.0110815988413
0.0227970043644
0.00857272071987
0.047598743582
-0.0413793074617
0.0215827010938
0.0012428061745
-0.00206865072298
0.0136815921157
-0.0302659345921
0.0219317235006
0.0510673865937
-0.00677019472627
0.0256615493996
0.00234557019696
0.0136505501507
-0.010003869767
-0.000388630550897
-0.00505438710371
0.0371238697537
0.0124340509747
-0.0137700213529
0.0305660418904
0.00512637133569
0.0448087177415
0.0264992981324
-0.029891327928
-0.0210084458564
0.0304006047758
0.011454346683
0.00720665093216
-0.00238502890659
0.0198087712746
0.0167447854714
0.0115282820538
0.00358193948903
-0.0279040158033
0.00400536807401
0.0285904851769
-0.00711057712832
-0.0074870028992
0.0180387815928
0.00676542806217
-0.0265600150121
0.00032876118301
0.00394340831522
-0.00196398321986
0.0134470250842
0.0372168536384
0.0156006026876
-0.00860209079221
0.0182832436638
0.0322579676214
-0.00294808363652
0.025724417847
0.0118189621403
0.000854779108454
-0.0389981041515
0.00947876712653
0.0134976522822
0.0046323139175
0.0
0.0360230456536
0.00389429054877
-0.0282626886105
-0.0176789315053
0.0101596123482
-0.0272988472787
0.0132939602749
-0.00903783947017
0.0120623643505
-0.014534863114
0.00825952889501
0.0109337725522
0.00467701941733
-0.00698278648324
0.027541693746
0.00940981621242
0.0073445791459
-0.018227735202
0.0214224445026
0.0430648909599
-0.000268035304684
-0.027889542622
-0.0333792998462
0.00827629334924
-0.0254741404978
0.014812619963
-0.00228956905866
-0.00803210798477
0.0257374016542
0.000563849550014
-0.00704420827426
-0.00510784795524
-0.000285283152136
-0.048216811794
0.0110910928918
-0.0287578201822
0.00702086510745
-0.00424378645663
0.00426187293527
0.0069717855415
0.0126429540405
-0.00624255271322
0.014059284869
-0.00707972464836
0.011586454285
0.00411159029957
0.0187190211259
-0.00660360352517
-0.0196532193322
-0.00530649396031
-0.0106698190839
-0.00359505008035
0.0195430263375
0.00914187758181
0.0140268731796
0.00461097483077
-0.00516352743601
-0.0141292280784
0.0134543069422
-0.0112554948856
-0.0256858552545
0.00898738841536
0.00950115136508
-0.000882278278025
0.0185456856339
0.00173412346874
0.0311598965921
-0.00699497442662
-0.0140884570409
0.0131465677985
-0.0163611059065
-0.0111844007807
-0.00841066978355
0.0134543069422
-0.00923521511218
0.0305854571321
-0.000570767353082
0.00428324050019
0.0108046565985
0.015189917102
-0.0133000726026
0.00252738042085
-0.00504201774478
0.0259008567705
0.00933041697263
-0.00489400388073
0.00655743059844
-0.0135721854593
0.00715457788296
0.00191257744338
-0.046086700729
0.000571787066708
-0.00657140728639
0.00517687753604
0.0171673171323
0.0106892038893
-0.00250487109985
0.0016741604388
0.0225625982829
-0.00299648956951
-0.00191253855642
-0.00602239240769
-0.00743596934831
-0.00416209556079
0.00417949100174
-0.00416209556079
-0.00083583475035
-0.0111545533888
-0.00141001752227
-0.0146851293441
-0.00372601951139
-0.00373983181914
0.0106843337004
0.00771428724792
0.0073716695824
-0.000562935874221
-0.00309763069829
0.00734459831004
0.00420644781122
-0.000279326722442
-0.0114524945105
-0.0121503364394
0.0143020400493
-0.0177664214662
-0.00459383258565
0.00894147302814
0.00314468645924
0.0048446500025
0.0130460237001
-0.00167978462992
-0.000280381959654
0.0036465067465
0.00894352375671
0.0019390279746
-0.00110579297086
0.00249100514135
0.00855875202418
0.00191620336925
0.00355197397996
0.00632040243809
-0.00191151247491
0.0251710536991
0.0146783863146
0.0170962217729
0.00232739267077
0.000774056797223
0.00283580702757
0.00822621317759
-0.00764924118794
0.00899286133912
-0.0045836653581
0.0258377595929
-0.00399002150015
-0.00851274413781
0.0166666340257
-0.00571285271025
-0.0227329216614
-0.00178939147461
-0.0040973075517
0.00308562341188
0.00307620392178
-0.00536680230129
0.00102778456595
0.019763851535
-0.00553739008022
-0.000759291849624
0.0200101763489
0.00223492098886
-0.00495543165074
0.0124502053932
-0.00442696851009
0.00839921929619
-0.00612445182919
-0.00640865313631
-0.00272884010286
0.0037312608269
0.00520453509452
0.0113411948513
0.0124329396122
0.00337103708589
0.0103191908538
0.0118764572723
0.00962441313777
-0.0016275188848
-0.0109454219445
-0.0103603108116
-0.0171305720616
0.00508348447147
-0.014210031709
0.00977284286436
0.0229856257359
-0.00614942430024
-0.0164207117011
-0.0128236792129
0.00441177802202
-0.00585647562396
0.0186548322662
-0.00602409945585
0.01963642293
-0.00190210993194
-0.000714583389386
0.00738970079213
-0.00930351065184
0.00529740757938
-0.00598802816503
-0.00313254447136
-0.00531782780615
0.00996357251185
-0.0365736338661
-0.0192307974464
-0.0127323745442
0.012638584987
0.00254720206447
-0.0208333488808
-0.0223144910451
0.0185775226713
-0.00208448452669
0.00652742000667
0.00181582640112
-0.017866355838
-0.00738199371617
-0.00132808158823
0.00691492549479
0.0118859185607
-0.00678677067143
-0.0118265671595
-0.0297872053902
-0.0293311626229
-0.00621293241451
0.0164819973116
-0.000559145350301
-0.00251750307078
-0.00981485518693
0.00736330731814
0.00477936054272
0.00475650949787
0.00473410907299
0.0
0.0210642660078
-0.000271395674276
0.00325816389571
-0.00297699500817
0.000271395674277
0.012211693289
-0.00911526863277
0.00865797851325
0.0230686836985
-0.00209749145259
-0.00998425550239
0.00318470226295
-0.006084644171
-0.00851744162453
0.0018791974736
0.0
-0.00241159526667
-0.00617780157232
-0.00108107732113
0.0178571374507
0.00398727344412
0.00582476373201
-0.00105294174759
0.00895914376128
0.0125359028418
-0.00676555905227
-0.00235777325806
-0.021796264181
-0.0104697784935
-0.00298427248005
0.00217693811327
0.00190059847752
0.00650400302846
-0.018578302185
-0.012345727851
-0.00361111701647
0.00362420444281
0.01111118557
0.0115383799379
-0.00108636209642
-0.00679716611404
-0.00164244159567
0.0120646655428
0.00433489012388
0.00188829366765
0.00511585255772
0.00214300326648
-0.00908848222614
0.00377662473688
-0.0249933191275
-0.00523700688263
-0.000554168075777
0.0255060197765
-0.00243309960014
-0.00108404434095
0.000271276981095
0.0235964640671
0.00503440897687
0.010282078731
-0.00835069987042
0.0171052907146
-0.00258738416777
0.00103764562951
0.0220264037034
0.000253601490955
0.00684409841924
-0.0156093112726
0.0122762759406
-0.00808496614482
0.0152827803301
-0.000250929315014
0.000501915007899
-0.0125407805665
0.00939810746811
0.0015097383233
-0.0160803774672
0.00842702347787
-0.0103823887633
0.0127942555309
0.00176858087078
-0.00680961071304
0.0182833243513
-0.00623440840369
-0.00978668159863
0.0073492399852
-0.0155974612165
0.00638895371081
0.00761808702067
0.00126005846333
0.0153536323333
-0.00600006880829
-0.00754523766129
0.000760315853524
0.00101286823787
0.00303573879208
-0.00680960099859
0.00330110406392
-0.00683362635067
-0.0180938804884
0.00545038802789
0.00671135009114
-0.0261538470758
-0.0192206129743
0.0120805554406
-0.00610078960404
-0.0120096258111
0.0126958710335
0.0141370600128
0.0120988834109
0.00311846746537
-0.00259062624045
0.00129865965383
0.00778210158361
0.0203346273119
-0.00731587182315
-0.00177887826276
-0.00432786160923
-0.00409101361989
0.00590500050103
-0.00025530828774
-0.000255233094467
-0.0176200030817
-0.00519886813289
-0.0117585756491
-0.0105764754366
0.00347412119367
0.000266354310252
0.00372738174291
-0.000265330997137
-0.0100821533378
0.00911282581871
0.016732976136
0.0041797525606
-0.00988547676385
0.00157638596153
-0.00813214843083
-0.00687653614068
0.00372833793483
-0.00159186135395
0.0164761913287
0.0128104996792
0.00748572572084
-0.00256208486367
-0.0105317177827
0.00207678371448
0.0121761962062
-0.00102382691836
0.00333081247224
-0.00383049192905
0.00512690261948
-0.00127514406291
-0.00204287753853
-0.00179127374342
0.00358890584186
-0.0103066826636
0.00208284590368
0.0057156907012
-0.00800818767146
-0.00338544371001
-0.00966812625083
0.00237466980518
-0.0057910246096
0.00105906949175
0.015604342987
-0.0145833624655
-0.0155919720555
-0.0107382820929
0.000814160489917
-0.000542295160891
-0.000813865619886
-0.00217219944389
0.00680272436801
0.00891897917707
0.00455392444991
0.000533329224184
-0.00346484656733
0.00802351059261
0.0074291140897
-0.00553076496311
-0.00688554053451
-0.00133330488911
0.000801007309178
0.000533650197532
0.00133330488911
-0.00585877359185
-0.0147335448376
-0.00734098249518
-0.0158859746743
0.015307519113
0.00548245130664
0.00790624800175
-0.0113606223362
0.0147743177464
-0.00269608701408
0.000540571947374
0.0135098694428
-0.00453207193807
-0.0107123997881
-0.0127232928412
-0.00301617308984
-0.00687569070258
0.00941567713999
-0.00548700086452
0.0
-0.00275856188448
-0.00387283551669
-0.00610936722965
-0.0203967348683
-0.00370795888931
0.0
-0.00229035526023
-0.00774737134867
0.0106997631208
-0.0100143655078
-0.0101155493332
-0.004128584583
0.023985815532
0.00289179546004
0.0034601874181
-0.0086206976773
0.00347824066799
0.0121317819683
-0.0134132822316
-0.0109922364578
-0.00760451231795
0.0209254356327
0.00894923376476
-0.00543643768362
0.00805533185456
-0.00485166925518
0.00860339229838
-0.0025589171903
0.0119725829059
-0.0135211240625
0.013420942973
0.00225411753416
-0.00196795486063
0.0169013860735
-0.00554010915534
-0.00807800662596
0.00982864551437
-0.0228031013407
0.00455321487812
-0.0133143735038
-0.0106231154085
0.00812545927773
0.0135289967415
0.0238568352289
0.003883503867
-0.00359209132173
-0.00415977490038
-0.000556938424336
0.000557248777592
0.000835407636504
-0.00389538988214
-0.0013966242512
0.000279677764414
-0.000559199133264
-0.00531623245149
-0.00112519458902
-0.00084481805975
0.0053551144726
-0.00476586642796
-0.00197183534358
0.00197573116011
0.00281685333499
0.00308991086094
0.00532069894834
0.00501395458797
-0.000831583539852
-0.000277312927933
0.00610422407948
-0.00910085732595
-0.0100194988932
0.000562261978955
0.00927222303714
0.00111360436111
-0.0177975123084
0.00228708639893
-0.00256704860801
-0.0105805744339
-0.00404623281759
0.010156794667
0.00430905166889
0.00829520648055
0.00680855306543
0.0056353058931
0.0047632860447
-0.00976022837366
-0.00844829277079
-0.00142005840852
0.0068260192508
0.00564959509474
-0.00449436025918
-0.00197516440599
-0.00056547653006
0.00311178610345
-0.00902424623872
0.00455319341508
0.00708215158036
0.00168780247704
-0.00421232144552
-0.00592215099507
-0.0073758408713
0.00114308262765
-0.00656577366926
0.000287426921177
-0.0143636847133
0.00990962747844
-0.00202019687799
-0.0034702934763
0.00580386050725
-0.00346216807282
-0.000868616787638
-0.00463635346275
-0.0145560382653
0.00797639178159
-0.0137748498025
0.00772654923346
-0.00973159005448
0.00923164485461
0.00501627830911
0.00146796585797
0.0134857638952
0.00925657410775
-0.00716537531803
0.00519630832456
-0.00717978011441
-0.0121492317725
0.00263545315089
-0.00321262529151
0.0251977757898
-0.0114318956488
-0.00173464518354
-0.0150593536464
0.00705679225242
-0.00525547790428
-0.00440276206454
-0.00117914107708
0.00118053309214
0.0126768893825
-0.0122270052289
0.00559972191029
-0.00532864974262
-0.004464199053
0.00627798359364
0.00713018257913
-0.0112094679637
-0.0062648733363
-0.00120088333539
0.0144274093219
0.00977782248378
-0.00234746258468
-0.0067647037994
0.0284275538767
0.000575910601974
0.010935279901
0.0179333040409
-0.00111849717666
0.0106382139445
-0.00193904496401
0.0113794175669
0.00493963969636
0.00628068306276
0.00949804363975
-0.0029570146017
0.00593156893936
0.00991688430908
-0.00902337769315
0.0101767804733
0.0159066513849
-0.00156580058408
-0.00339772697605
-0.0104904542383
0.00212036918107
0.00317373661482
0.00263637253723
-0.00552191867079
0.0100476198755
0.0151831810848
0.00206299268151
0.00102933870657
0.00154235236539
-0.0182237820575
0.00836600004123
0.0108893546986
-0.00359074121435
0.0
-0.00978116715392
0.00467898261455
0.0121603594061
0.000766923891842
0.00664110703321
0.00355237342106
0.000758585646049
0.00530570671998
-0.00477513113381
0.0
0.0058081460579
0.0055234223701
0.00374534458141
-0.00248760148562
-0.00473811747377
-0.00125280548604
-0.00426498793286
0.0125976312757
-0.00577160119525
0.00302885170139
0.00704575934197
0.0162418451427
0.0014752948114
-0.000736528553606
-0.0184274947884
-0.000751007305665
-0.00526050927061
-0.0108285169225
-0.00560073691956
-0.0258577229109
0.00578192356533
-0.00418083696676
0.00970870745236
0.0288461666303
0.00404144067181
0.00251566722951
-0.00250935452856
0.00327045320325
0.00275828571226
-0.0115029538033
-0.00227672779069
-0.00456391273944
0.00866021526891
0.00429297962739
0.00377163616006
-0.00375746437157
0.00829767871682
0.00548630618552
0.0124007778027
-0.000979915712851
-0.00196172161072
0.0174447221409
-0.00724462391054
0.0133787290834
-0.0019202518905
-0.0105820835296
0.0119105968174
0.000720605485072
-0.00168027550964
-0.00384706237217
0.00120682804907
0.0028929403653
-0.0132211437264
0.00194888261613
-0.0017018955755
0.00779347164361
-0.00386661742305
0.0024259845416
0.00193614785344
0.00120770252735
-0.00603135530004
0.0206310220553
-0.000237750684481
0.00142712417768
0.000237592965454
-0.0130610200033
0.00288737155063
-0.00359889411416
0.00264872990852
0.00696445339409
0.0163500662889
0.00638751603744
-0.00587681590436
-0.0139512893755
0.00431654115044
-0.00644699859271
0.00696949905252
0.00692116816447
-0.00450339186189
0.0142856753386
0.000469496560161
-0.000469276236582
-0.00234739116788
0.00423531935978
-0.0107778747402
0.010421580727
0.0302391272076
0.0325369691185
-0.0132217332367
0.0160786444939
-0.000879145165021
0.00505937533784
0.0210112308801
-0.0117899853921
-0.00173532124302
-0.00217302830091
-0.016768204349
-0.018383227795
0.00496394812231
-0.00493942905274
-0.0241425770336
-0.0117918873834
0.000233933653444
-0.00257309447407
-0.0110225594297
-0.000474191375345
0.0166072884772
0.0088681775868
-0.0182743851957
0.0047125738345
0.0220450883437
0.00527763168365
-0.0191736993457
-0.013730510123
-0.00306752327661
0.00236683693488
-0.00590318206253
-0.0118765040151
-0.0257211308008
-0.0138168905246
0.0157617521529
-0.010837385977
-0.00522904998248
0.0135169109582
0.0177820805765
-0.0033972014017
-0.00486974248337
0.0154147578922
-0.0159036148054
0.0105288814073
0.0341652672674
-0.0159325343449
0.0290446111507
-0.0107301013773
0.00094320306441
-0.000942314270703
0.00400854454999
0.00681063996009
-0.014462310552
-0.0203550352616
-0.0120801979207
-0.00391293233163
-0.000491069627728
0.0574797605718
-0.00162601426147
0.00395535321896
0.0243337189243
0.0097285237724
0.000448128490955
0.00111979049838
0.0174496427646
0.003078272409
-0.00241124850582
-0.000439378251273
0.00373705193006
-0.0118265858452
0.00332452130091
-0.00618510379402
-0.0142254515252
-0.00676433712281
-0.00272417371917
-0.000910567750877
0.026201924936
0.00954705723432
-0.000219953335491
0.00549933336553
-0.00546925610296
-0.00241973507182
0.00374867426913
0.00351493410349
-0.00350262261581
0.0109841690734
-0.0010864547511
-0.00522084572737
-0.00153069373264
0.00153304034789
0.001530721956
0.00174677913468
-0.0148212822546
0.00132737485196
0.00287231849214
0.0136593796415
0.00847649210035
0.00215511402455
0.00967743529216
-0.00788068693585
0.00472299566947
0.00897440324071
-0.00868275062481
0.000213601723196
0.00192225306186
-0.00021314638595
-0.00127934359703
0.00661829432682
-0.00402974214348
-0.00191652238422
0.018775368361
0.0016874186719
-0.00168460307063
-0.0116009124587
0.0053350581413
0.00891524680804
0.00231434630218
0.0130142577406
-0.00207208976473
-0.00892857974372
0.00544736346615
-0.0162534445855
-0.00720187712097
0.00533392010373
0.00573006453744
-0.005275392012
0.00275778469054
0.0105775138546
-0.0100481322949
0.00338337402142
-0.000210786659595
-0.0107503871877
-0.000639230210637
-0.000213258567967
0.0162081841036
-0.00335781229965
0.00315851607598
-0.00839625279887
0.0078323113721
0.00105020300345
0.00188837146648
-0.00628271641506
0.00842987299327
-0.0039706909202
0.00503570205665
-0.00313156098209
-0.0033507802989
-0.0067240915513
-0.0135392491808
-0.0092215395778
0.0101731049927
-0.00835653555909
-0.0058340398738
0.0180395944279
0.00768574758627
-0.00783897622317
-0.00427078060315
0.00278786449415
0.0168947997989
0.00168247745411
-0.000629916387364
0.00735299264407
0.00729924061696
-0.00144927486245
0.000829378011926
-0.00103581693387
0.00891746957041
-0.015621849844
0.00877014874189
0.0132477545599
-0.00061290371223
-0.0126737376662
0.00229358193701
0.00249633970677
-0.0083004293117
0.00334797189058
-0.00417101373934
0.00732980696407
0.00436596246048
-0.00662386979451
0.00833502099783
0.000826628046515
-0.0057815119833
0.012668673401
0.0184577891415
0.00342332372877
0.0106361248939
-0.00297859391922
-0.0101572969196
-0.00462775116599
0.0143521169502
0.0149461890587
0.00549771499846
-0.00546765538743
0.000589026616028
0.000784939783163
0.0041176268641
-0.00546765538743
-0.0100138022508
0.000396698511403
0.0101110565118
0.00922467763977
-0.00408399413617
0.000781107825381
0.00741465815094
0.000387376819384
-0.000193638044229
-0.0118125574543
-0.00431114705327
-0.0312930664232
0.0034538487858
-0.00384690642826
-0.0205284948828
-0.0134882174351
0.0206141983
-0.00329760054204
0.00785775893144
0.00164130573574
0.000409699678329
-0.0438165517008
0.012847945493
0.00845669129845
-0.0140461744363
0.0116947374872
0.00357289687082
0.0272251191147
-0.0118246441705
0.00103155334071
0.00370980716608
-0.0026694138206
-0.0119414767197
0.0106271690068
-0.00247420717855
-0.00289374350792
0.0137787099651
0.0
0.00432451399466
0.00471599789533
0.00489800313429
-0.00182777936739
0.00101728379904
-0.00223578591822
0.0179262639126
0.00420251485399
0.0376643990587
0.00038408963816
0.00863890499664
-0.0049486428873
-0.00229530512405
0.0126533786356
0.00227183922818
-0.00736681900444
-0.00856328380238
0.00307099636558
0.00554920903336
0.00285444396299
-0.00132825517038
0.00190001396472
-0.00531004596673
0.0142993342823
-0.0225564029415
0.00288463517314
-0.00613612794479
0.0038587059953
0.0182587092971
-0.00792748368196
-0.000380532925906
0.000380677786338
-0.00513700218998
-0.00573720147924
-0.00769383163163
0.000969170398906
0.00348568908891
0.0046314335588
-0.00441796415963
0.00135055075495
-0.00635839578588
-0.00678687279498
-0.0128855957846
-0.0146360944346
0.0118426318668
0.000396762766719
-0.0214158652736
0.0190476751289
0.000596513994626
0.00476949300174
-0.00257120679214
0.0083283377671
-0.0273352909206
0.00768300681127
-0.0224719084033
-0.00738917680578
0.00496274525029
0.0131687907391
-0.00568648457076
-0.0104166247315
0.0144478962045
0.0116874913835
-0.0111471136035
0.00368927379631
-0.00367571308434
-0.0262349472341
0.0130499490086
0.0290878421121
0.010498685671
-0.00439553805682
0.00180606203727
-0.0208332794422
-0.00531919900563
-0.0218016801113
-0.00862068261055
-0.0383881497368
-0.00154387858391
-0.0262866852842
0.00340284057253
0.011756723884
-0.0165363484151
0.00840724130264
0.00473185255461
-0.0210809402715
0.0334478576826
0.00509864775611
0.0258049818164
-0.0503117527224
0.0018112186849
-0.00949147988067
-0.0120922471736
-0.00692836514192
0.0574418624179
0.0338684411527
-0.0110614209582
-0.00623792508514
-0.00432900550374
-0.0071739545177
0.0061310016677
-0.0226333191447
-0.0291694901353
0.0121560375968
-0.00362566372868
0.012508524606
0.0175201835638
-0.0249448320649
0.000905609342451
-0.0156073006278
0.00942094829653
0.0138857496281
-0.00157160874199
0.0254103231896
-0.00131573213513
-0.00548968763022
0.0558621924834
-0.00522794612208
-0.0128232023805
0.00362013127131
-0.0167621608209
-0.0051791555937
0.000650812453588
0.00173418088211
-0.00843971662377
0.0216063287286
0.00747700321542
0.00470291512842
0.00531913500262
0.00698418879776
-0.00294249170623
0.0027403341983
-0.0138743085668
-0.0053293402252
0.00342905446285
-0.0117470966135
-0.0250702299284
0.0279316730399
-0.0101357934731
-0.0191721554829
0.00777429664865
0.012563367097
0.00718331915261
-0.00475472472986
0.0275787215226
-0.0137362857572
-0.00235690659167
0.00945013928318
-0.0570212817526
-0.026398874897
-0.00880650709236
0.031330373979
-0.0423940033619
0.00875943350162
-0.00704056485858
0.00189074332898
0.0627506645173
0.00221979973135
-0.0358804567419
-0.0101079373402
-0.0399164750249
0.00628478756215
-0.0228200990516
0.0312192748196
-0.0355185032206
0.0467127835179
0.0380165389728
-0.00705179842459
0.0451316770667
-0.00898729230719
-0.0234460870026
0.0169875255618
0.0291759050699
-0.00281319459934
0.0290797820097
-0.0312104382857
0.00457123508916
-0.00845077132721
-0.0122377111152
-0.0148230513005
-0.0141477133091
0.00182229145615
-0.0147793840329
0.0180013550209
0.0163228527155
0.00245364313576
-0.0289274502256
-0.00870762607476
0.00901532873522
-0.0254218696963
-0.00687683924638
-0.0226838847833
0.0100170989628
-0.0396710074438
0.0141057468489
0.026577334639
-0.0113719240536
0.0122369081197
-0.0529497632431
0.057697267034
-0.0335505528503
-0.0112387872676
0.0320788275609
0.118942736062
-0.0166229576852
-0.0293594266287
0.0442254972957
0.0412552209458
-0.00210751821706
0.00105602366851
0.0179324498908
-0.042072512606
-0.0504111083402
-0.00387326634761
0.0317932149319
-0.0285967931096
-0.0107257336444
-0.000922635752283
0.0182405064051
-0.0337867916888
0.0150199317473
-0.00971092931614
0.00747139000419
-0.00185405271622
0.019967516135
0.00227630413585
-0.00704058366103
0.0157822117378
-0.0443594204038
-0.0421771109143
-0.0204182645145
-0.0158212017
-0.011482453812
-0.0353640283654
0.00508434453373
-0.0287540271658
0.0646929800847
-0.00592171584962
-0.0129500147528
-0.0411964994532
0.103174596213
0.05953850912
-0.00561922921713
0.0824110935991
0.0126168967155
-0.0105262845675
-0.0423360831836
-0.0283382487489
-0.00349981314177
0.00561934467283
0.0942956523686
-0.00815097263846
0.000864985470656
-0.0153413922086
-0.000658284037165
-0.0149319360886
-0.0124833314979
-0.00993223555804
-0.0303237923583
-0.0242181879261
0.0149397469376
0.0674263947218
0.00355871779653
0.0141843929345
-0.0115821544068
0.0092859301827
-0.0109529052184
0.0403100561467
0.0174579524274
-0.00941620862637
-0.00549213718743
0.0121070245406
0.0335781367838
-0.0119796761584
-0.0135635036158
0.00416667802437
-0.0338174506869
-0.0111659962605
0.011292083624
0.0143869759084
-0.0372566009863
0.00945471252416
0.0241777547131
-0.0104211232069
-0.0116053531851
-0.0497934581919
-0.0292906637727
0.0148515059834
-0.0169570249053
0.0163043029141
-0.00348749966238
0.0165655531763
-0.013082395384
-0.0197673962944
-0.0061685089967
-0.00620667890762
0.0112898686208
-0.0477434283048
-0.0643552475892
0.0207945058451
-0.030295089971
0.0237004371657
0.0413049920808
0.00909542224072
-0.0225337407411
-0.0076844157514
-0.00232318329614
-0.0204398652497
-0.0261490056423
0.0230540536937
0.00503706103124
-0.0419414551175
-0.0349669455486
-0.0211126632614
0.00265251289823
0.0170487578807
0.0205202983662
-0.0359671399695
0.0508225366034
-0.0416550695387
0.00670942635299
-0.0391190305841
-0.0443304991877
-0.0211423448708
0.158607297616
0.135225396915
-0.0191176072642
-0.0342328570111
0.0571797846208
0.0269211562957
-0.0672068524568
0.00970877775886
-0.0470648158708
0.0820499525268
0.0201226924683
-0.0226124369698
0.00319954479384
-0.0152109648917
0.0435973918736
-0.0119360142824
-0.0381734240367
0.0316502852031
0.0199659055345
-0.0947720509747
-0.0266349880129
0.0243837033668
0.00687641957443
-0.0349355821037
-0.0315732133676
0.0399100193245
-0.0200000490244
0.0388858353335
-0.0408812818613
0.0132853455142
0.0144768953532
0.0468497870774
-0.0100308273112
0.0129903767226
0.0184661930704
-0.0453286064589
0.0445792420726
0.0492424287536
-0.0500601126945
-0.00177349074057
0.0571066001533
-0.0115246855555
-0.101287307877
0.101081134522
-0.121993159533
0.126642395891
0.167493809929
-0.132837424685
-0.00588228825859
-0.00147932575327
0.073086390278
0.109986257585
-0.150082951664
0.139024429306
0.0627408825346
0.012182685657
-0.0792376416224
-0.0413943727059
-0.106363639314
-0.000508660970063
-0.0666666361321
0.135223537161
0.00840542296843
-0.0304835127093
-0.054531992664
0.0519615391067
-0.0286490347649
0.0338163605607
-0.0226266030125
-0.064670454576
0.0182943426177
-0.0639365431434
-0.040361282963
0.10588229564
-0.0502659519975
0.0534864277335
0.0964912496154
-0.0126060578838
0.0353547449542
-0.0699548905318
-0.0244773673481
-0.0133297916444
-0.0354967094483
-0.00164794419777
-0.0489683240205
0.0757882205287
-0.0731378548021
-0.0493182769293
-0.019224934113
-0.114187948064
-0.178784692252
-0.0282292624918
0.213908527094
0.0794053925217
0.0285522309625
0.0339646809393
-0.174984164127
0.0922664433266
0.0602873888903
0.0274380363966
0.0730372624012
0.0941530307622
-0.0693341394341
-0.0129563868111
-0.106801906339
0.0334001287545
-0.0746606474362
0.12993360132
-0.0151467844711
-0.0517891244537
0.00364121899465
-0.0164907827676
-0.0238094739864
0.0254208141898
-0.00167510793548
-0.000671078860847
0.0413028728246
0.0167687802948
0.00642052363169
-0.0669856813973
0.0215384413351
-0.0599062450131
-0.0309719265214
-0.045922114123
-0.0408163078977
0.0578081229877
-0.0166982984866
-0.0605943747169
-0.0624486376834
-0.207274309639
0.250967344322
0.0207689623398
0.0510822191335
0.009060934403
0.0228571428571
0.103751024639
-0.080621831551
0.00314587060602
-0.0121520605806
-0.0456349756147
-0.000415754646196
0.0207986963329
0.125916769424
-0.012667326505
-0.0975073277461
0.0597075282922
0.00383291855868
-0.0572737981698
-0.123126804159
-0.00646645806889
-0.0423059302896
-0.0339805822449
-0.0195979770168
0.0773961923723
0.0337773586566
0.0607454812293
-0.00867676035656
-0.0739606155752
-0.00708885082615
-0.0813898261377
-0.139896330408
-0.040361428832
-0.00188332943113
0.226415154834
0.0461538106108
0.137254962355
0.0237068920363
-0.027789508448
0.0887830049419
0.0783612295164
-0.0796753693036
-0.0721443251433
0.246652303545
-0.0852391457904
0.0818182026387
0.0189075986058
-0.0584192885067
-0.0930656605848
0.0696176739073
0.0586907516668
0.00249204906545
0.0397727425548
-0.0368852508711
-0.0336879596321
0.00660550562308
0.193948242905
0.0290076478765
-0.0890207716176
0.0605863401123
0.0208845151691
0.000601581935837
-0.107336086177
0.0956550694736
-0.0193667239239
0.0410658112065
0.00511901037194
-0.0179749202215
0.000305138339008
0.0515400526734
-0.0429234152004
-0.0154545062022
0.101569702424
-0.027102592269
0.0689259629835
-0.0531971811492
0.10499422032
-0.0798663642806
-0.0131175537918
-0.0370475597258
0.0437592309621
-0.0177265246845
0.0673159009342
-0.0389156424532
-0.0351857400814
0.0101303143775
-0.014040174494
0.0619006492377
-0.0514504863034
0.0574149322324
0.00682126341457
-0.0214092293109
-0.0445859918536
-0.0150724964998
0.0403177929813
-0.0226307874442
0.0243125832411
-0.00367337886785
-0.0119114609684
0.00287021543294
0.00543796423938
-0.03216628688
-0.0147058772343
-0.0229850884095
0.0439963057004
0.024290374127
-0.0608571804084
0.0212960507381
-0.00327675724348
0.0203227692749
0.00908031914055
0.00435406253956
-0.0141618088052
-0.00851438356554
-0.0444181524472
0.0102261627044
0.00644181618531
-0.00304790609662
0.0278202166462
-0.0380725255604
0.0732838088996
-0.000288055547432
0.044956696805
-0.00358513606394
0.0210351043953
0.00243968153989
-0.00108168529445
-0.00297771170806
0.0358403503828
-0.00602892646935
0.00553802803558
-0.00131128058011
-0.00814079421262
0.0185332488421
0.00467899348698
0.0245794673637
0.0154040653168
0.039044998783
-0.0246528945867
0.039509204048
0.00779032733569
-0.0339657352537
0.0235208039996
0.016346894229
-0.0104895476664
-0.0405182633304
0.0238153782468
-0.00695446260766
0.0243902132777
0.0292315494914
-0.0148878074304
0.0132527927437
-0.00642499991391
0.00346422478882
-0.0121979988523
0.0125815819229
-0.0411873217331
-0.0194383851446
0.0305922535205
0.00546188579778
0.0047236949114
0.00752230065719
0.00373309663203
-0.0120874267364
0.0294117810617
-0.0128000417041
0.0338041850096
0.00694284215102
-0.000222384519788
-0.00889880533943
0.0430976783219
-0.0303421561642
-0.015312969086
-0.0162271008986
0.0265750194081
0.00156213986474
-0.0236185687381
-0.0559105675135
0.0130687974114
0.0463449027543
0.0253424878278
0.0175907526835
-0.00875274811482
0.0121412462751
0.00501644768173
-0.00911464246484
0.0328515083842
0.0
-0.0233248112796
-0.00173689822756
0.00108740526114
-0.0299803952987
0.0237401673545
-0.0105009794285
-0.0311740040118
0.00182568542391
-0.0277904408859
0.0391283383614
-0.0581735794441
0.0193919479735
0.00281819530224
-0.011475443232
0.0393271598964
-0.00888987775914
0.0200091696773
-0.00405863605643
0.00339600202729
-0.0230144429208
-0.00923780736369
0.00326336941496
0.0027880752647
0.00509734181437
-0.0191332745734
-0.00211515070972
0.019312289341
-0.0184842887078
-0.00753293460457
-0.0196868576242
0.0280667738026
-0.00635446763288
-0.00686878140876
-0.0126401103881
0.00821258943271
-0.0117394007372
-0.00096971558014
-0.000485314100326
0.00194225628677
-0.00751156060842
0.0197754321245
-0.0217859577161
0.0122368955099
-0.0263539640384
0.0168860207667
0.0231990573002
0.000954587704055
-0.009060497527
0.00794025912986
-0.00405819191141
-0.00551292878539
0.000964020840806
0.00337102233787
0.0295531516966
0.0193699342688
0.00549444098886
0.019808807137
-0.00245592037334
-0.0033572202147
-0.023354997492
0.0174752479233
0.00994348395044
-0.0226000983764
-0.00915754558714
0.00277269251827
-0.0658986126548
-0.0340404898233
0.00127678807528
-0.019637848316
0.0231530526851
0.00381380763278
-0.0136778306095
0.0177196339658
0.023214691597
-0.00641178156068
-0.0481509735212
-0.00130375547544
-0.0156657666901
0.0183023598884
0.0125032323477
0.0038590630844
-0.00179394082506
0.0287547886487
-0.00074868101164
0.00924074891691
-0.00940363882601
0.0204846127894
-0.0237453443656
0.0243229000021
-0.00514072769851
0.0327264395292
-0.00333572354338
-0.00502037402717
-0.00216242492056
0.00939077707362
0.0212309961424
-0.00513901758248
-0.00399160199425
0.0120226850392
0.00582345674758
-0.00069475793291
-0.00185402141898
0.00394708959894
0.0127196998038
-0.00342548009298
-0.0043537618503
0.00667435933194
0.0192043790012
0.00807530153831
0.0
0.00178020043781
-0.00355399535589
-0.00624160248958
0.00381334197937
0.0107382489516
0.00354138801111
0.0110277708874
-0.0113437984181
0.00970870658373
0.00480770269988
0.00347977198781
-0.0058517588454
0.0405493961065
0.0016761184709
-0.0472704806008
-0.00351262165182
0.0107953690964
-0.0115519385131
-0.0134508460437
0.00447019108026
-0.0233644674926
-0.0337206474317
0.0247582912007
0.0124252255744
-0.0322726698553
0.0223108547887
-0.0243509693554
0.00376736308373
-0.0426929291754
-0.00122526855553
0.0291953690525
-0.00953521162619
0.00336941850345
-0.0211081123464
-0.0225435391033
-0.0012534094227
-0.0205823325371
0.00922606295639
-0.0393600657846
0.0586835026028
-0.0357053864079
0.00828585807898
-0.00410888341465
0.0422898493005
-0.0207817223321
-0.0262759114248
0.0262064856558
-0.0113780190149
-0.0378516435949
-0.0239233856689
0.0288670376314
-0.0174695672141
0.0315194677909
-0.00522332364113
-0.0199527016386
0.0246450114739
0.00705882736854
-0.00207687262521
0.0192508163618
-0.0079122332712
-0.0138924093515
0.0146099269471
-0.0221136874289
0.037075997205
-0.0228194162495
-0.038401638906
-0.0121424883605
-0.0131291121351
-0.00692902301317
0.013954771552
0.0500963341244
0.000262065589758
0.0180817325646
0.00875162330547
0.0329165899013
-0.0032115120821
0.00272615934412
-0.0360849999612
0.00102568704252
0.0151126970174
-0.0305324806224
0.0242061502341
0.0121982903841
0.0125533680672
0.00892626171183
-0.00909311073503
-0.00272818760883
0.00174085816964
0.033763651346
-0.0134485328314
0.00511194085606
-0.000484386261133
-0.0201115152595
-0.0153313310057
-0.0163234718953
-0.0357415922568
0.00105905792165
-0.00819892235679
0.00506665092063
-0.00557176232439
0.0109391798867
-0.0216415871832
0.00188828512363
-0.00700048857995
-0.0181670853651
0.00055234216558
-0.0165607929888
0.0272241737718
-0.0204917993284
0.0142259976656
0.0379537987418
0.0111287293688
0.0264674832597
-0.0227214622356
0.0219435754974
0.0250511217784
-0.00847881697495
0.0342052587028
-0.0097275767749
0.00638502283457
0.000244082638817
-0.0226884658703
0.028207624153
-0.0145666108457
-0.0160138409824
-0.0210315491639
0.0166240878794
-0.0168553103674
-0.00332653088245
-0.013863960854
-0.00911216755141
0.0197057226433
0.00490199301499
0.0177149923393
0.00655906657402
-0.0095238423218
-0.00531371718514
0.0106842371017
0.0168638843536
-0.0138614154962
-0.0281124217414
-0.0405475285808
0.028263792318
-0.0133508533071
0.0108782365035
-0.0104986400921
0.0
-0.0167109109536
0.00350691363562
0.00913979993371
-0.000799225245494
0.00319920759341
-0.00558072807132
-0.0122928738385
0.0205628428829
0.0551431125495
0.0286431980494
-0.010503173732
-0.0150579479777
0.0180450416975
-0.0147710108637
-0.0102448660561
0.0118657370413
-0.0117265923797
-0.0108558422905
0.0122511404662
-0.00630358126247
-0.0228368881824
-0.0228511529951
0.0140844925363
-0.0172955863061
0.0109333209231
-0.0134528906261
0.0200534782028
0.0304063115657
0.00763161073372
0.00732140338516
-0.016290769751
0.0257324627921
0.0136612570207
0.0151923255013
0.0019309194209
-0.0173451512111
-0.0142192100041
-0.00497389375354
-0.00849788990324
0.00705830513284
0.0262828212263
0.0282926743754
-0.00189748558159
0.0140208425556
-0.00140608424076
-0.00586716801727
-0.00306896325911
0.00449914517326
0.0273456673314
0.014472668709
0.0122282766059
-0.00492171036875
-0.0188848928453
-0.00549949200886
0.00460820350448
0.0254587522765
-0.00581522539085
0.0103486940267
-0.00356268351141
-0.0232402404456
0.0237932001378
0.0120670544772
-0.00596158842627
-0.00333189726132
0.002451557927
0.00266781522457
-0.0124167830181
0.00898061882785
0.0220294189699
-0.0104506679263
0.000219980217524
-0.0191376824392
0.0204081552118
0.00527478074814
-0.0137735278832
0.00931052226945
0.0228420995786
-0.000644169979563
0.00601632179565
0.0239213685317
-0.00250309412081
0.00376411204716
-0.0414583790038
-0.00108669244368
-0.00108787462882
0.0167719540761
0.000214183824304
-0.0233454846513
-0.00855260280725
0.0192435866496
-0.0121528115883
-0.00724960129821
0.0267758914725
0.00344827830307
-0.0221220496749
0.0046124211042
-0.00961965969703
-0.0152317445885
-0.0179331853296
0.0171193676834
0.0264811744166
-0.00240492774753
-0.00350646755773
0.00285897516403
0.0028509019028
0.00284279736638
0.00218051909988
0.00130551591641
0.00934377349587
-0.00753504287146
0.00542300720911
0.00520614107141
0.00517915236455
0.0227564994345
-0.00503775024785
-0.011814358164
0.000426993044587
-0.0046948689957
-0.00836191931168
-0.0276756367253
-0.00177899523144
-0.0207173383269
0.0156961537229
-0.00201568701929
0.00269299350382
-0.00156669813329
0.0114323812957
0.0084220059203
0.00769226449412
-0.00479818772453
-0.00986195401999
0.0163788831739
-0.00914630063983
-0.00725279883697
-0.00287793837759
-0.00177625626501
0.00444842563548
-0.0205934488108
-0.00316527579132
-0.0213199818179
-0.00625724467245
0.0216884354882
0.00616297894529
-0.00181491412191
-0.0197727062761
-0.0134477647596
-0.00493534802941
-0.00165328468531
0.00425835950368
0.00800942719495
0.0105164983125
-0.034227659324
-0.00359190609261
-0.00096132441365
-0.0250180646308
0.00468796878176
-0.00810418304955
0.0146075752387
0.00170815214444
0.0151034875009
-0.00143982641108
-0.0223504000569
-0.00786626937657
0.0109018738843
-0.00784313332986
0.0106225161799
-0.00537766811084
-0.0152371427146
-0.0144746057087
0.00987588562537
-0.00852558135194
0.023014663048
0.0121136755832
0.0218727773515
-0.0132275707761
-0.0114549806342
0.0187376268507
-0.0140367457837
-0.0321551435008
-0.00101448449762
0.00583902565226
0.018425036855
-0.00916974241642
-0.00375182916573
0.0140597119459
0.0141123773473
0.0324707746353
-0.00236470529684
-0.0118511396265
-0.00599665070085
-0.0185810794739
0.000245924047705
-0.00565386472326
-0.000247261567391
-0.0148367824888
0.00150608099522
-0.0496241593148
-0.00843881159764
-0.0941488577718
0.0687022950144
-0.0557692907475
0.0675007030434
-0.02125914928
0.0270119988313
-0.0230477799344
0.01498752981
-0.0377358795696
-0.023870430627
-0.0273653002303
0.0410056332726
0.0301898557636
-0.00307006637867
0.0137177439854
0.0394918676015
-0.015409095113
0.013491654234
-0.033546387429
-0.0460054539881
-0.0343633543992
0.0412679775932
-0.037622073668
-0.04267374062
0.0105983853364
0.00215928442585
0.00954129909945
0.0307927451849
-0.0112393024028
-0.0281183969162
-0.00738695266984
-0.0592248079632
-0.0352669623993
0.0109326858473
0.0696180920305
-0.0025276439532
-0.0348432122301
0.0301936452847
-0.0404586912279
-0.0488048320309
0.0654929224873
0.0191672073556
0.0499351709117
-0.0518838681932
0.0521171900552
0.0
0.0278638263405
-0.0481927731701
0.00917717400138
-0.0266540684015
0.0589561269037
-0.0188621523066
0.0272868641239
0.00875328673287
0.0344106001303
-0.0312409213188
0.0206031347255
0.0830895321587
-0.00891413750064
-0.0526028986942
-0.0589758444815
0.0284317121194
0.0219976577356
-0.0119255327255
0.00794821318747
0.0227803178655
-0.0708166516841
0.00614630371132
0.0164934940956
-0.0219350784789
0.00460835595904
-0.037614731822
-0.0311407696711
0.00426375197053
-0.023187506992
-0.0167168204717
-0.0350221373947
0.00352364142855
0.0238764272262
-0.0205761670521
0.0843837633945
-0.0164675742773
0.0613920969724
0.0364984865363
-0.00835565646507
0.0231718254568
-0.0523528922928
0.0297951157007
-0.0343580231473
-0.0234082256922
0.00703095584534
0.00793400901879
0.00409314687897
-0.0373157101804
0.0491856226866
0.0034151027525
0.0349628972576
0.00358740881089
-0.0160858051139
-0.0115046269986
0.023583346929
-0.00508670211665
0.052030062264
0.00633461784229
0.0208869505411
-0.00896860082886
-0.00169685707843
0.0212464590609
0.0169209609704
0.00518273678376
-0.0252374581026
-0.0281180076527
0.0466915075518
0.0106732170402
0.0116436587013
0.00802997233968
0.0
-0.00159322535112
-0.00292545788819
-0.00746871507683
-0.00537493600007
0.00783574623025
0.00804288937208
-0.00132978117951
0.0194407482221
-0.0036572455951
-0.00707920939772
0.0113546428778
-0.0114882280743
-0.00660327511304
0.0183461611512
-0.00992168538074
-0.0137130178472
0.016042767857
0.0123684242852
-0.000259971284194
-0.0101403889503
0.0110323482383
-0.00545602630492
0.0203762316721
0.00384019882815
0.000765165658743
0.0287970707674
0.00644048155685
-0.0056608437544
-0.0267326914198
0.0160223940654
0.0122652752511
0.0145895337062
-0.0119424266321
0.0703008942913
0.00437894801298
0.0256998217597
-0.00290828957124
0.00964775211201
0.008444456404
-0.00572944528965
-0.010416593945
0.0114221196078
0.0223648982257
-0.00606451649264
0.0082806830172
-0.0129674046346
0.00678784481379
0.00326232269473
-0.0089461487846
-0.0222368760859
-0.00157620188681
-0.0101488799367
-0.0211893419938
0.0244413262583
0.018859380185
-0.0363514839401
0.00277719399309
0.0131548427082
-0.0138952121707
-0.00161700755852
-0.0115687232849
0.00304301412606
0.0100350055873
-0.00277259749087
0.0148285096935
-0.0105022520284
-0.00830643391974
0.0188459997494
-0.0134733863566
-0.00439821310306
-0.0292954643836
0.000718530615889
-0.00957390928297
-0.0178830815828
0.00246068692996
-0.0927835677043
-0.0316557741838
0.012573349927
-0.0215232442841
-0.0431471590218
-0.0129678607065
-0.0292625398334
0.0461396376342
0.00735078295665
-0.0084646001097
-0.0138357833807
0.00388062593112
-0.0199227374017
0.00576464852538
-0.0368024694234
-0.0291262201428
0.0319354771103
0.0337605593571
-0.00786206639282
0.0265162897204
-0.0255344733519
0.0289457785778
0.0156943702972
0.010204152807
0.0109667436407
-0.0117042463081
0.0219526915822
0.0302430623391
-0.0257888376035
0.01351741555
-0.0186163280831
0.0110418885894
0.0299635848815
-0.0244697711187
-0.00418063548428
0.015393202671
-0.0027792182879
-0.0418060250457
-0.0139615811538
0.0017698254366
0.00853949067423
0.00992701757538
-0.0159005407298
0.0596356822403
-0.0271693829856
-0.00284977249697
-0.000857458630297
-0.0143020407827
-0.0162506543065
0.0159290923444
0.00842047358079
0.0126691298136
0.0181974035408
0.0301591209332
-0.02033071669
-0.00387379155983
0.0
-0.0230556070512
0.0261587316204
0.0058187373125
0.0195592240248
0.00405298981489
-0.00645860703529
0.00135435087388
0.000541013718638
0.00297367769777
-0.00080860125259
0.000809255617696
-0.00323446562969
0.0105462308014
0.017928867207
-0.00552048771349
-0.0158604894726
-0.00161164611321
0.00161424770926
-0.00268596610798
0.00457845203209
-0.010723792294
0.00650402316995
-0.00350029606385
0.0027020235933
0.0425760562245
0.0157663821334
-0.013740477542
0.0216718191704
0.00808081347321
0.0370742362175
0.00410622993779
-0.00914125052972
0.00169945469538
0.00193896605265
-0.00217708485517
-0.00896965663763
0.00856159904245
-0.0164928623205
-0.00764480292998
0.0109343370269
-0.00491643084795
0.0121047803319
-0.00122046937967
0.00590848399703
0.023494814968
-0.00263032795221
-0.00119872511014
-0.00672104576085
0.00942482038324
0.00790034921857
-0.0114013906657
0.0182604941332
0.0106182292781
0.0114405281747
-0.00715607545957
-0.0160427514646
-0.00543478131855
-0.0180565077491
0.00919422977513
-0.000959017554959
-0.0122389904456
0.0126336313619
0.0278310978538
-0.00980395656558
-0.00353601109571
0.0144310312897
-0.0559701846104
-0.00197623259535
0.00544547699819
-0.000984641992185
-0.0133070749073
-0.0187312733196
0.0025451453267
0.00355418594803
0.0268151129737
0.00271003477656
0.000737077886465
0.00883869409316
-0.00511071004668
-0.0031800679806
0.00196324808138
0.00955177714698
-0.00339639446541
-0.00657255486968
-0.00588094800199
0.0155287576168
0.00655338447214
0.026284071431
-0.00587405284783
0.00779951732651
0.00304880826239
0.000233766700833
0.000701318848908
0.0156505243794
0.00896962007638
-0.0077501769974
0.0229726609587
-0.0119020543436
-0.00181823541637
0.0009107864169
-0.00750679503682
-0.00893878231877
0.0168825001707
0.0226699932799
-0.00201521660941
0.0177249479925
0.00110227393736
0.00198193289494
-0.00065930504828
0.0149549279244
-0.000216753084437
-0.00563497590006
0.0102440608937
0.0101402559848
-0.00811621704304
0.000430679763348
0.00172195357056
-0.006660965988
0.0030283329054
0.0170368976781
-0.0110263168572
0.0102915861867
0.000212267549153
-0.00169747421351
0.0170031811867
-0.00355273173841
0.0232802225553
-0.00368928571786
-0.00781734764836
0.00829361264919
0.000616892612515
0.00986435613231
-0.00936100762558
0.0110928670207
-0.00690775575522
0.0116612160988
-0.0169868566653
-0.00740591670088
0.0136787530385
-0.0247392807564
-0.00209649321279
0.0352941223052
-0.00730520537783
-0.000204389230974
0.00388466527578
0.00794304150872
0.0109112431216
0.0119928437063
-0.00849299656835
0.00557766027837
-0.00396196349889
-0.00238661621628
0.0167464130695
-0.0192156844417
-0.0101959692643
-0.00626129956976
-0.00162605608696
-0.0156758994827
0.00889349399666
-0.00533003062933
0.00247318756087
-0.017886504517
-0.00648945706327
0.00779611624473
0.00940825291508
-0.0235514681728
0.0136606799435
0.00884393792823
0.0139845983633
0.00205842536175
0.0117091082035
0.00121831167115
-0.00608401191094
-0.0220362794978
0.0116837281935
-0.035058793912
-0.00320585308952
0.0126500940341
0.00254074302749
0.0173178371556
0.0114179537661
0.00574711499996
-0.00244896510999
0.000818258135502
0.00183976135757
-0.0204040141185
0.00145810134684
-0.0106073612942
0.0128232133814
0.0199252769813
0.0126169830607
-0.0144693906194
-0.00163135662713
0.0145016047461
0.011274433692
0.0171212511237
-0.00234876082418
0.0260937447143
-0.000191171862451
0.0139605952639
0.0115050970113
-0.00522100964884
0.00581070164985
0.0175176829645
0.00128205384315
0.0173769979664
-0.0185184987102
-0.00183180633696
-0.00825841779499
-0.0186898813807
0.00886292830134
0.0143925309705
0.00165837512937
-0.0160043912314
-0.0057955134415
0.0186159836543
-0.0191987668975
0.0135516269687
0.00482825953348
-0.0103493087158
-0.0199813212417
-0.00990854111369
-0.0200154269013
0.0227809154692
0.00806446818962
0.0123809947917
-0.00677330512216
-0.00568288173378
0.0132411736826
-0.000568156418494
0.0231192056767
0.0131505691076
0.00347346973054
-0.00109304641825
0.0056537989079
-0.00308302924558
-0.00145538027988
0.00218617254236
0.00472644740928
0.0199022851608
-0.00372537452581
0.0071225327019
0.00194477610921
-0.000705783561226
-0.00229562909763
-0.00796461347076
-0.00642284236167
-0.00646430301872
0.00722931759621
0.0145343794894
-0.000884315913556
-0.0069039357526
-0.0108733768185
-0.00342409739066
-0.0084990390405
-0.00565385875271
-0.00788703563164
0.00369756455269
-0.00257873587908
-0.015881812921
0.0
-0.0273972524015
0.00559516172783
-0.00940133200366
0.01123373519
0.00210689363211
-0.00993884643923
-0.0231660432213
-0.000395181611695
0.00237243791583
-0.00335308702306
0.0118741879432
0.0144728707022
0.00462697710664
0.00863559112672
0.00570775690327
0.0153234312746
-0.00763926866799
-0.019151257778
0.00669980522254
0.0104582450019
-0.000940896187719
0.00602750565537
-0.0123572367985
0.000947852558158
-0.0253787996017
-0.0221531163022
0.027424518019
0.00367500382606
0.00674510148121
-0.0105283969555
0.00522344679988
0.00988757409192
-0.00287966314738
0.0140546749656
-0.0159482907987
-0.0185221441739
-0.00235895036623
0.0348768600514
-0.000190442967407
0.00380881979686
-0.00758865307248
0.0323073635271
0.00388888758195
0.00166021259878
-0.000552480288571
-0.0119771633687
-0.0162252779194
-0.0051184904828
0.00552593839824
-0.00170551682462
0.000949096040073
-0.00246540460705
-0.0201520417455
0.0188202797759
-0.00895062210227
-0.00172944124658
0.00288733992495
-0.0086371649444
0.0447240454941
0.00259450690767
-0.00240291180835
0.00314986437899
0.0048024132776
0.00863965320037
0.0158557073856
0.0073555785885
-0.000890520421426
0.0199643880774
0.00419429275617
0.00330670734297
-0.00832616725496
0.00542244254302
-0.00452328307075
-0.00419436865723
-0.00210597963305
0.00580368548952
-0.0239552096119
0.00429956610842
0.00802704720053
0.00336229705172
-0.0111111453671
0.00428039561805
-0.00248628742415
0.00445076569032
-0.012406892832
0.0272792733576
-0.000174739069822
0.00821248311473
0.00935878385921
0.000171664170222
-0.000858359930841
-0.0010309541262
-0.00326793900841
0.00914579245751
0.00189329297982
0.00773064633304
0.00579610496877
-0.0115254257493
0.0094307175436
-0.00186854765848
-0.00459490602377
-0.0135065895519
0.000693253109754
0.0303082794313
-0.00840477675538
-0.0149177892282
0.00103246844942
-0.00997072890092
-0.019447807516
-0.0244377644815
0.0
0.0117988963641
-0.00376754852615
0.00846391649681
-0.0114285609717
-0.0189667561071
0.0117841908147
0.00473155936828
0.0230030842377
0.0024787399405
0.00211944888271
0.0121607093794
0.001567124617
0.00886644044649
0.00206795100328
0.00584693912437
-0.0210292832087
0.00558860445697
0.000520995305235
0.00729036083871
-0.0172324541104
-0.00490968867438
-0.00105728736212
0.00229318532833
-0.0107356654468
0.0186799439731
0.0157178110991
0.0127235414878
0.00848896723807
-0.00336700813632
-0.0170608469028
-0.00463998946465
-0.00863260010637
-0.0107976155147
0.0137324467329
0.00833622462935
0.00413361609418
0.0310463322934
0.000998133766219
0.0149576510157
-0.00229245634989
-0.0169046150832
0.000333823656901
0.00200272359752
0.011159199083
-0.00065888165704
0.00315146039789
0.00297619411596
-0.0140124909573
-0.0135429197205
-0.00254240019599
0.00713682160053
-0.0315505073384
-0.0365854029762
-0.00614828100399
-0.0029112030411
0.00839413602537
-0.000723791434936
-0.00344082953093
0.0141741302595
0.00430025848839
0.00249775592689
-0.00872036440225
-0.00377017634109
0.0109928987795
-0.00213901462629
-0.0046444790375
-0.0025125486996
-0.0244692472718
-0.0162302036396
0.0133108278115
0.00573545482603
-0.00643860056487
0.0118497163403
-0.000549000808329
-0.00476012340689
-0.015636533762
-0.00373757257569
0.00975429030061
-0.00204348142628
0.00744596310003
0.00794530773225
-0.000366645299658
0.0111865276665
0.00562207708583
0.00486925739325
-0.00269206043691
-0.00395899263416
0.00451670882467
0.00143888498367
0.0170617850806
0.00600390260578
0.00789882825389
0.00835951687435
-0.0108808419753
-0.00401605245521
0.0
-0.00298040161969
0.0096711582639
0.00626960031849
-0.00830735838304
0.00436299879049
0.0111207637596
-0.0132325325297
0.0019157195056
-0.00243349940501
0.00243943577051
0.00156440312205
0.00611671850409
-0.0104220807923
0.00140421354876
-0.00666083862879
-0.0160578772744
0.00466288934308
-0.00821135202986
0.0043196255433
0.00878138144
0.0351749881947
0.00755103544807
-0.01447792006
0.00639472314281
0.000171769725973
0.00738318470535
0.00562471111264
0.00288132618949
-0.00270407904235
0.00305033727575
-0.00929209490674
0.00460437581806
-0.0210490862186
-0.020634617649
0.00300994049912
-0.0104148318013
0.00303243386029
-0.00569090599821
0.00769094884103
-0.000355007247899
0.00053265273138
0.00656615712169
0.00458389345936
-0.00403649425278
0.00845813082681
0.00576623789895
0.00138982011049
0.0149202089073
-0.000170904153759
0.0145323573752
0.00674084845163
-0.00251090375964
-0.00721599169027
0.00490198962727
0.00370054309608
0.000502802009774
0.000167486723962
0.00334953009772
-0.000333834819995
-0.013858718247
0.00270911528868
0.00911848896446
0.00451808234927
-0.00149925369809
0.000834204871886
0.00533423401294
0.016746773913
-0.00342464772469
-0.00327279396128
0.000492513570032
0.0113226375244
-0.0240142623481
0.00681628974196
-0.00379787709391
-0.00149179836446
-0.00780214179234
-0.00892706154282
0.0248130253468
-0.00199002794098
-0.015121291909
0.0190653018952
-0.0218542918248
-0.0094787058121
-0.0061517477241
-0.00292294206449
-0.0424211508282
-0.0081036674725
0.0203340338558
0.0076512523711
0.0229560081233
-0.00828584428772
0.010617937636
0.0117120327676
-0.00170245868156
0.0168826960151
-0.00570182434369
0.00168659461974
0.0183532674655
0.00661377724215
-0.010348242451
0.0149377883191
0.00130822091898
0.00391967329194
0.00748331741977
-0.00904249880017
-0.0131985985764
-0.00544916000985
0.000830127346468
0.0016589653196
0.0024842302506
0.00115645323387
-0.00792079252838
0.00548905854499
0.00843669303687
-0.0108267743851
0.000663366027593
-0.00298309809644
-0.00265956871841
0.0180000314749
0.0075310988434
-0.00259994648801
0.0215053811602
-0.000478505799113
-0.00351041872632
-0.0283426758474
0.00758072625795
-0.0179914648382
-0.0146569162293
-0.0123394052449
0.0229334199463
0.0286096657711
0.00731946771717
0.000161433861879
0.00871813830411
0.0
0.00112034339507
0.00655475477348
0.00301783716749
-0.00902612098774
0.00498557024268
-0.031045014208
-0.0259289827974
0.00152594135938
0.0223463621571
-0.0173869598393
-0.00859451230735
0.000169943632683
-0.0345003200008
-0.0320365973178
0.0170939927627
-0.00393351835522
0.00323101856273
0.0304169186403
-0.015801355802
0.00158786202626
-0.0100405103758
-0.0258007151866
0.016803613979
-0.0231722081538
0.0200441356847
0.0225346910178
-0.00599436361334
0.00691734184043
0.0197287075313
-0.00120917601731
0.0110688166267
-0.00153951457279
0.0205585230977
0.00167866047906
0.00720630713994
-0.0121464063431
-0.00235808405215
0.00962349792931
-0.00752510295856
0.0247683416394
0.00526143609186
0.00719663589805
-0.00487175802397
0.00799611212453
0.00323781461036
0.00258189878218
-0.00209239676155
-0.0179032410138
0.0100180715413
-0.0250406712955
0.00466983163655
0.0187582592699
-0.00602898681131
0.0139343871945
-0.00388031140471
0.00227234939608
-0.0089068656733
0.00898691088134
-0.00987854849472
-0.011122025233
-0.0140588601709
-0.00117428616106
0.000167917098503
0.0236775758112
-0.0062335418063
-0.00382194418501
0.00950791891342
-0.000826158268512
0.00628407035715
0.00328678016225
0.00687962993988
0.00374166980054
0.00599672808553
0.0156275484862
0.018559601066
-0.00622951210309
-0.0152014088743
0.00636540712467
-0.0147058874497
0.0101106948088
-0.00222433705879
-0.00318472247936
-0.00415332652922
0.00673721960577
0.0133843163588
-0.00534591745589
0.00553277101563
0.0174500964467
-0.0049443768091
-0.00745346633856
0.00907386508353
0.0153488064875
-0.000610788404385
-0.00137504205464
0.00244791708999
0.00808923297586
-0.00257389708804
0.00819673546568
0.00888292983431
-0.00790925523132
0.0025571389433
-0.00270067964925
-0.0111328167873
0.0112581517278
-0.00406204456248
-0.00634438503652
0.00456070150686
-0.000908065524447
0.0102999041043
-0.00554715168909
0.0164329290681
-0.00786114186603
0.00433547914534
0.0160762402711
0.00380889389285
-0.00394040885211
-0.00380955911263
0.00558913164211
-0.00336410074103
0.00939242969321
-0.0101773455118
0.0129259415612
0.011455924923
-0.0104660065098
-0.00536069283839
0.00436992905861
-0.0253807083548
0.00833341331864
0.01114080868
-0.00807996650798
-0.00281390546693
-0.00787164880295
-0.0205090352894
0.0103928059842
0.0142187628639
0.01551070961
0.0139521890548
0.00217266933637
0.00534752049375
-0.00503159965867
0.000722484181772
-0.00231019640128
0.0141823951925
-0.00627857063465
-0.0104824258321
-0.0130605330845
0.000588164254393
0.0130786078095
0.00145052215955
-0.00738705471701
0.0
-0.00102145086149
0.00394397099014
-0.00698389742558
-0.00293035846477
0.0123438079931
-0.00958043417956
-0.0145098272838
0.00461043000665
0.00503326430906
0.00265134878083
0.0020566918819
-0.00894297377365
-0.0245561614552
-0.0354868656396
-0.0526729285329
-0.00564315566361
0.0500751144284
0.0249563456673
-0.0054281379351
-0.000467783809406
-0.0413416218557
0.0182261900547
0.00175803167536
-0.0188257723686
0.0269918630704
-0.0155161389033
0.00771951011876
-0.00159588196987
-0.00287725542786
0.0192369585725
0.00880775528544
-0.0232303939409
-0.0272945523557
0.00836892487852
-0.00878763548356
-0.00443278834404
-0.00692608989697
0.0207572310195
-0.0242394918616
-0.00233411225819
0.0188837143665
0.00738063063756
-0.00278775037553
0.0198980177116
0.000483702528058
0.0012893050989
0.0
-0.00321906261968
-0.00339090477366
-0.00275440954392
-0.0253452170342
0.031671916263
0.00872516676173
-0.00336374712565
0.0048215928575
-0.0073576324371
0.018208138502
0.0107612030643
0.000469740404074
-0.00406888742162
0.0292269124027
-0.00442749834909
-0.014721654276
0.0200778349325
0.0036618547529
0.00106415205322
0.00895981406023
0.0304033137929
-0.0156295602063
0.00430332611155
-0.00487591358923
-0.0200445190546
-0.00666670368658
0.0144906168822
-0.0057135016976
0.0199606706018
0.00311352082653
-0.00177361947431
-0.00977204118872
-0.00149518730525
0.00119798415541
0.00463652235525
-0.00729488465761
0.0139472079183
-0.0140511251024
-0.012901303497
0.0317628583107
-0.0131094292849
-0.0155223946921
-0.00758036552352
0.00229151136629
-0.0234720519422
0.00312154323902
0.0284736510521
0.021633899773
-0.0185102950385
-0.0283644759934
0.0177018566817
0.00213608193919
0.0159866620708
-0.00194823290222
-0.00330332174584
0.0103947413254
-0.00715674870635
-0.0084096465793
-0.0300350413571
0.0017290290748
-0.0144358774164
-0.0404394338966
-0.0223992455337
-0.00152743072406
0.00220971028618
-0.0274762274536
0.0149982552578
-0.0199312647633
-0.000525996289574
-0.0263111620286
-0.00468381581233
0.0307692384576
-0.0226514654322
0.025512079225
-0.000700789127686
0.00420754003911
0.0387569964555
-0.0107562913422
-0.0310907537969
0.00666317255939
0.0172444234366
-0.0111301647216
-0.0209523615581
-0.00601345406302
-0.0120996507331
-0.0441282526447
0.0832862630475
0.0149590689844
0.00719797392778
-0.0163348389504
0.000172949587734
0.012971293016
-0.0418302986374
0.000356370277702
0.0154969579786
0.00929666045013
-0.0215502553837
0.051509807648
0.0094594127027
0.00334673927358
0.00150098872055
-0.00183180362308
-0.0193526970801
0.00578429243741
-0.00862648833233
0.0124551885697
-0.00370745929443
0.00135321534029
-0.00472978408476
-0.00288523948953
0.029446811986
-0.000330696469456
-0.00363872921091
-0.00498012474171
-0.00767433686344
-0.00134495629012
-0.00622899828915
0.0115195729577
-0.00820628817304
0.0109759799075
-0.00387011141091
-0.0141891891197
0.00771077069614
-0.0253358564555
0.00732732094551
0.00796673728255
0.0185566584874
0.0423414685401
0.0129470717138
-0.0115034628832
0.00646519019445
0.0168620525097
0.0145293403852
-0.00996263826952
0.00581765362399
-0.00578400429047
0.0051887159402
0.00281558635795
-0.00795512017075
-0.00628926511189
0.00933545219477
-0.0192820257261
-0.0158248220189
-0.00535972491342
0.00587845857009
-0.00633115962322
0.0135599116958
-0.00370728090394
-0.00064716792592
-0.00922777819328
0.00751633042674
0.0
0.038598784442
-0.0101499334591
0.00189303167598
-0.000787266206072
0.0170186199546
0.0151843188652
-0.00747860195582
0.00615102748932
-0.00244540359275
0.00643488735942
0.00182668916981
-0.0177784275419
0.00990098807769
-0.00337012700033
0.00292043260879
-0.00766284860086
-0.014054038597
-0.00892856915702
-0.018808265879
-0.00177191419123
0.00403420069407
0.000964289853016
0.00144508208868
0.00929937083645
-0.00381257500047
0.0213682659179
-0.0694770391013
-0.0333892217625
0.0331539612909
0.0282258065892
0.0153594700884
-0.00648716807176
-0.0279137935879
0.0107472685619
0.00647952530383
0.0206338747115
0.00711626112169
0.0149349726488
-0.000632922175643
0.0151995292052
0.000935714269668
-0.00342788618226
-0.00156345661853
0.00109615074037
-0.00375413854109
0.00549541460721
-0.00265462037088
0.00407074358813
0.00311873421243
-0.0035753756353
-0.00202803719505
-0.00265752523126
-0.00235105836465
0.0158680611009
-0.00154663978704
0.0269517588623
-0.0030166729207
-0.00347949869191
-0.00895709714609
0.002757353707
-0.002138700997
0.00612372605172
-0.000152193926022
0.00273930983421
0.000910562976917
-0.0013646019094
-0.000910993022312
-0.000456026654
0.002736810969
0.00181960667159
0.00227034284374
0.0110237890803
0.00821513614394
0.0
-0.00429630988573
0.00416602791259
-0.000740773608293
-0.0041518196872
0.0013400161664
-0.00892190555719
0.00615147641736
-0.0079033550063
-0.00195396338184
0.00361442838745
-0.0123049203402
0.00562144168349
0.00407911369549
0.00571768612
0.00822864088082
-0.00207745018396
-0.0218587494962
0.0088172977283
0.00527424525568
-0.0158896408404
0.0143182765613
-0.001201296257
0.00863234840937
0.0163664269179
0.00265919625767
0.0035361424693
0.00778150039963
-0.0048077069465
-0.0026350608296
-0.00572433608063
-0.0032477266976
-0.00518363470899
0.00789041262142
0.00960119688041
-0.00131669352792
0.00336941097658
0.00554832838512
-0.00101640768042
0.00479642420946
0.00144663683408
-0.0017333814069
